data_avaliacao;titulo;comentario_positivo;comentario_negativo;nota;;
25 de julho de 2024;Bom! Agradavel!;Quarto agradavel, bom café da manhã, pertinho da praia, bairro otimo.;;10;;
1º de abril de 2025;Foi tranquila e boa.;O custo é o benefício é muito bom avaliando um hotel duas estrela ele é excelente.;;8;;
21 de março de 2025;Bom custo benefício;Boa localização é boa estrutura;Nada;7;;
18 de março de 2025;Bom;Cafè da manhã muito bom, funcionários muito educados e atenciosos.;Das instalações. Quarto pequeno para duas camas. Cama encostada na janela. Guarda-roupas de alvenaria e sem porta, típico de casa de praia. Problemas estruturais de uma única tomada na parede, quarto bem pequeno e chuveiro com limitação de ajuste de temperatura da água. Televisão sem programação a cabo, apenas canais abertos.;7;;
7 de março de 2025;Muito bom;Localização;;8;;
2 de março de 2025;Muito bom;Atenção dos funcionários. Localização.;O tamanho do quarto , é muito;;;
"Pequeno""";8;;;;;
27 de fevereiro de 2025;Rápida e eficaz;Quartos simples porém limpos e ar condicionado funcionando.;Tudo ok;9;;
25 de fevereiro de 2025;Bom;Atendimento;;7;;
20 de fevereiro de 2025;Bom;Localização espetacular;;;;
"Banheiro é bom 👍 Chuveiro funciona muito bem""";Café da manhã muito fraco, quase não tinha opções.;;;;;
Quarto é bem pequeno; tv ainda é antiga;" não pega nenhum streaming.""";7;;;
20 de fevereiro de 2025;ótima hospedagem;banheiro bem amplo, quarto razoavelmente grande, cama confortavel, mesa para estudo e trabalho, cafe da manhã bom. Localização incrível em boa viagem, pertissimoooo da praia.;quarto um pouco barulhento.;8;;
18 de fevereiro de 2025;Se for para trabalhar, OK!;O hotel é simples, mas o atendimento é muito bom. Os funcionários se esforçam para melhorar a experiência e isso faz toda a diferença.;O wi-fi era péssimo, o quarto MUITO apertado e sem espaço adequado para estudar e o chuveiro beeeeeem mirradinho. A TV só tinha canais abertos e nos colocaram em um quarto do lado de uma espécie de despensa, acordei de madrugada com o barulho das conversas.;8;;
14 de fevereiro de 2025;Foi boa;Sim;Um pouco apertado;8;;
10 de fevereiro de 2025;Suficiente;O café da manhã surpreendeu pela positiva;Na verdade, só o conforto, mas não se aplica a um hotel 2*;8;;
1º de fevereiro de 2025;Dentro das expectativas de custo benefício;Localização boa, bom para poucos dias se for ficar muito tempo fica desconfortável.;Banheiro estava com problema;8;;
29 de janeiro de 2025;Bom;Café da manhã e localização próxima ao aeroporto;;7;;
27 de janeiro de 2025;Um otimo lugar pra se hospedar;A equipe muito solícita, atendimento otimo;As camas do quarto compartilhado nao possuíam cortinas pra maior privacidade, a salada de fruta do cafe da manha acabou e informaram que nao teria reposição.;8;;
22 de janeiro de 2025;Vale a pena !;Localizacao, quarto limpo café da manhã e o atendimento.;Nenhum item.;9;;
19 de janeiro de 2025;Muito bom;A localização é maravilhosa, na mesma rua tem várias opções de restaurantes e lanchonetes. A cama bem confortável, café da manhã variado e delicioso, funcionários atenciosos e gentis;;8;;
19 de janeiro de 2025;Muito bom;Localização excelente, camas super confortáveis.;Café da manhã poderia melhorar, tinham vários bolos, porém solados.;8;;
14 de janeiro de 2025;Muito bom;O hotel possui um excelente custo-benefício, os funcionários são educados e atenciosos.;Estava tendo obra, no momento em que estive hospedada e o barulho causou um certo incômodo.;8;;
12 de janeiro de 2025;Bom;Localização;Apartamento antigo, porém limpo.;;;
"Não disponibiliza guarda volume.""";7;;;;;
11 de janeiro de 2025;Boa localização, cama confortável, quarto e banheiro espaçosos.;Gostamos da localização, do conforto da cama, da manta e do quarto espaçoso, com banheiro recém-reformado e bem conservado.;A TV não era smart e era pequena. Tivemos problemas para ligar o ar-condicionado, mas fomos prontamente atendidos. Não tem estacionamento privativo. Duas vezes tivemos que colocar na rua em frente.;8;;
7 de janeiro de 2025;Foi ótimo;Bem limpinho os quartos café da manhã muito bom;;9;;
7 de janeiro de 2025;;;;8;;
28 de dezembro de 2024;Fantástico;Limpeza;Gostei de tudo;9;;
28 de dezembro de 2024;Próximo ao aeroporto;O recepcionista foi muito atencioso, mesmo o café da manhã iniciando às 7h eu pude comer um pouco mais cedo por causa do horário que precisava estar no aeroporto. Apesar das instalações serem antigas e bem simples, o quarto estava bem limpinho e aconchegante. A proximidade do aeroporto também foi um ponto positivo.;A localização parece ser um pouco perigosa, cheguei na madrugada e vi diversas moradores de rua nas redondezas.;7;;
27 de dezembro de 2024;Pelo preço é rasoavel. Se for ficar mais de 2 dias não vá!;Tudo bem limpo;Quarto extremamente pequeno, mal dava para se locomover, e a cama era péssima dormi 2 dias e pra mim já foi totalmente desconfortável, só tinha um travesseiro por pessoa, e quando pedi outro demoraram muitooo para levar.;7;;
24 de dezembro de 2024;Estadia confortável, com bom custo x benefício, para quem necessita de uma hospedagem justa;Café da manhã fabuloso, funcionários muito atenciosos ( com destaque aos recepcionistas), quarto confortável, bom custo x benefício;Poderia melhorar a identificação e fachada do hotel, não reflete a boa estrutura interna e o bom serviço prestado.;8;;
21 de dezembro de 2024;Muito bom;Localização;Alguns quartos não são tão confortáveis.;8;;
15 de dezembro de 2024;Ótima escolha e bom custo benefício.;Conforto;;8;;
13 de dezembro de 2024;Bom;Localização;Instalação antiga.. cama ruim;7;;
29 de novembro de 2024;Atendimento nota 1.000. Bom custo benefício;Café da manhã ;;;;
Atendimento;;;;;;
"Localização""";Quarto muito simples, diferente do que estava na foto. O guarda roupa era um cabideiro em cima da bancada e não havia espelho no quarto. As colunas 1 e 3 ficam ao lado do elevador o que torna o quarto barulhento. A janela dava para a lateral de um prédio bem próximo.;7;;;;
27 de novembro de 2024;Bom custo benefício;Ar condicionado do quarto ;;;;
Localização excelente; próxima à restaurantes; bares; farmácia ;;;
"Funcionários muito educados e solícitos""";Não havia toalha de rosto, nem manta na cama, só um lençol e toalha de banho ;;;;;
A internet funcionava muito mal no quarto ;;;;;;
Café da manhã muito bom; mas só a partir das 7h (todos os dias me deixaram entrar depois das 6h30;" mas ainda não estava pronto)""";7;;;
26 de novembro de 2024;Ótimo lugar para pernoitar e aproveitar a praia/cidade;Quarto e banheiro bem limpos. Roupa de cama e banha brancos.;;;;
"Check out prolongado dia de semana até às 13h.""";Cama não era das mais confortáveis e posição do porta papel higiênico fez com que eu esbarrasse no mesmo todas as vezes que saí do chuveiro…;;;;;
"Zero decoração no quarto.""";7;;;;;
25 de novembro de 2024;Muito bom;Localização e café da manhã.;Cama barulhenta, instalações antiga.;8;;
22 de novembro de 2024;Excelente, recomendo e vou voltar;Gostei bastante do hotel como um todo mas o atendimento dos funcionários fez toda a diferença;Do horário do café da manhã que poderia iniciar mais cedo mas mesmo assim eles sempre me deixaram entrar antes do horário e sempre fui bem servida;9;;
13 de novembro de 2024;hotel me atende bem;tudo bom;acho que poderia ter tv a cabo;8;;
31 de outubro de 2024;Hotel Praia Boa viagem;O quarto estava com tudo limpo e organizado. Tudo funcionando. O chuveiro era bom. Café da manhã simples, mas atende as necessidades. Perto de tudo, dá pra ir pra praia a pé.;O colchão podia ser mais confortável. Não tinha toalha de rosto no banheiro.;9;;
28 de outubro de 2024;Fantástico;O hotel é simples, porém organizado, os funcionários são maravilhosos e o café da manhã é ótimo.;;9;;
28 de outubro de 2024;Boa !;Boa !!;Quarto poderia ser maior , sim do elevador ouve no quarto , colocar acústica melhor;8;;
23 de outubro de 2024;agradável;localização, café;da cama, coxão.;8;;
22 de outubro de 2024;Minha estadia foi boa, mas a limpeza e a falta de serviço de quarto deixaram a desejar.;No hotel, gostei especialmente do café da manhã, que tinha uma variedade ótima de opções. O ar-condicionado do quarto funcionava perfeitamente, mantendo a temperatura agradável durante toda a estadia. Além disso, o wifi era rápido e estável, o que fez uma grande diferença na minha experiência.;O que não gostei no hotel foi que o frigobar estava vazio. Além disso, não havia serviço de quarto disponível pelo telefone, o que dificultou na hora de pedir algo. A limpeza também deixou a desejar, pois não foi muito efetiva, e o lençol da cama estava manchado, o que comprometeu a sensação de higiene.;7;;
21 de outubro de 2024;Muito agradável e recomendo, pois é perto de tudo.;Café excelente, pessoal muito atencioso, e voltaria lá sem problemas.;Acho que deveria trocar armário quarto e ver melhor o elevador, no restante tudo ótimo.;9;;
20 de outubro de 2024;Fantástico;Limpeza nota 10. Tudo muito limpo e organizado.;Gostei de tudo;9;;
19 de outubro de 2024;Expectativa não atendida;A localização é o ponto forte.;Infelizmente, ao entrar na acomodação, não se tratava do mesmo quarto da foto do anúncio. Observei que o prédio está remodelando os seus quartos, mas acabaram me colocando em quarto bem antigo. Também tive um problema de comunicação com a recepção, pois no checkin não foi confirmado o meu telefone e a recepção precisou me contatar e entrou em contato com o telefone cadastrado no booking, que era de um conhecido, que não tenho mais contato, e acabou expondo uma situação pessoal a esse terceiro antes de confirmar se de fato estava falando comigo. A regra de etiqueta é primeiro se perguntar com quem está falando para depois expor a situação. E esse terceiro acabou me contatando para avisar da situação.;8;;
16 de outubro de 2024;Muito bom;Os funcionários são muito educados e atenciosos.;O local tem poucas vagas de estacionamento. Tive que deixar o carro no estacionamento da frente.;8;;
15 de outubro de 2024;Local tranquilo, claro, fresco e aconchegante. Ótimo para descansar, perto da praia e do comércio.;Localização ;;;;
Segurança ;;;;;;
Elevador ;;;;;;
Limpeza;;;;;;
Café da manhã ;;;;;;
Funcionários;;;;;;
"Acomodações e toda a estrutura impecáveis.""";Chuveiro frio.;;;;;
Toalhas de banho insuficientes e pouca troca;;;;;;
Não tem o mini kit inteiro de higiene pessoal no banheiro; como no anúncio;;;;;
"Não tem bancos fixos no estacionamento pros fumantes.""";8;;;;;
14 de outubro de 2024;Bom custo benefício;Quarto apertado para acomodar 3 camas, porem estava limpo e com tudo funcionando.;Localização;9;;
13 de outubro de 2024;Muito bom;Café da manhã tava bom;;8;;
13 de outubro de 2024;Muito bom;Café da manhã, cama, ter elevador, atendimento.;Ter pouco espaço no estacionamento.;8;;
4 de outubro de 2024;Roupa de banho muito ruim;;Toalhas muito velhas com aparência de sujas;7;;
2 de outubro de 2024;Foi um bom custo benefício;Localização;Quarto pequeno e apertado;7;;
29 de setembro de 2024;Bom custo/benefício para quem precisa passar uma noite;Localização.;;;;
Queríamos um hotel próximo ao aeroporto;" serviu ao propósito. Mas o hotel é bem simples e o quarto pequeno.""";As toalhas eram ruins, manchadas e tinham mau cheiro.;7;;;
18 de setembro de 2024;Necessária;Limpeza e localização.;Barrulho, pois o elevador era junto ao quarto.;8;;
17 de setembro de 2024;Muito boa;Recepção, pessoal no geral,atendimento excelente.;;9;;
30 de agosto de 2024;Difícil;Tive uma alergia terrível após o banho;Do quarto muito pequeno;7;;
27 de agosto de 2024;Bom;bom pra dormir 1 noite;;7;;
20 de agosto de 2024;Boa estadia, bom custo benefício;Lençóis, limpeza, banheiro, café da manhã;Área da recepção é muito pequena não é muito confortável;8;;
5 de agosto de 2024;Fantástico;Hotel agradável, café da manhã ótimo.;;9;;
23 de julho de 2024;Foi muito boa.;localização ótima. Tudo se tem por perto.;a cama poderia ser mais confortável.;7;;
20 de julho de 2024;Ótimo custo benefício e localização.;Funcionários da recepção muito simpáticos e solícitos. Precisei tomar café mais cedo e fui super bem atendida. Excelente localização. Próximo aos shoppings, praia , feirinha de Boa Viagem.Me hospedarei novamente.;O quarto triplo é um pouco apertado para se locomover, mas o banheiro é muito espaçoso.;9;;
16 de julho de 2024;Fantástico;Do quarto, café da manhã;;9;;
15 de julho de 2024;Para viagem curta, vale a pena.;Localização;Café da manhã sem muitas opções;7;;
7 de julho de 2024;Muito bom;Ótimo;Ótimo domingo;8;;
4 de julho de 2024;A estadia foi breve. O hotel é bem limpinho. Só poderia caprichar mais um pouquinho no café da manhã. Mas saí satisfeita;Localização;Café da manhã poderia ser mais caprichado.;9;;
2 de julho de 2024;Bom;quarto fofo;banheiro apertado e café bem básico;7;;
30 de junho de 2024;Bom;;Banheiro com ralo entupido. Poucas tomadas.;7;;
30 de junho de 2024;Otima;Nada a declarar;Nada a declarar;9;;
27 de junho de 2024;Boa opção para quem está a trabalho.;O custo-benefício vale a pena, estávamos a trabalho e só queríamos um lugar para dormir. O quarto estava bem limpo. O check-in foi rápido, a localização é perfeita.;O chuveiro precisa de uma atenção na vedação da encanação, um vazamento atrapalha o banho quente. Os funcionários foram excelente, com ressalva da pessoa que estava na cozinha do salão onde é servido o café, acho que ela não estava num dia bom... Jogava talheres e pratos na pia de forma estúpida, provocando muito barulho no salão onde estávamos tomando café que o mesmo onde ela estava.;8;;
27 de junho de 2024;Boa;Localizacao;Algyns quartos vizinhos estavam em reforma e os pedreiros começavam logo cedo e gritavam muito no corredor;7;;
5 de junho de 2024;Muito bom;;ter uma tv a cabo;8;;
3 de junho de 2024;Apenas ok;Localização;Chuveiro quebrado, derramando água gelada por cima e indisponibilidade de reparo ou remanejamento de quarto.;7;;
31 de maio de 2024;Muito bom;;Tudo chévere! Só o elevador que é um pouco coisado kkk mas tudo tranquilo.;8;;
26 de maio de 2024;Ótima localização;Excelente localização;A limpeza do banheiro pode ser melhorada;9;;
13 de maio de 2024;Muito bom;Boa localização, preço ok para a região;Alguns detalhes poderiam ser melhorado nos quartos, mas no geral é ok para dormir;8;;
9 de maio de 2024;Voltaria com certeza;Localização excelente, espaço do quarto, closet e WC espetacular. Cama confortável. Foi tudo ótimo. Café da manhã simples porém muito saboroso .;Gostei de tudo;8;;
20 de abril de 2024;Satisfatória, principalmente pela localização.;Localização e cordialidade da equipe do hotel. O café da manhã também é muito bom. Simples, mas satisfatório.;O layout do quarto. Pouca área livre e posição da TV inadequada.;8;;
3 de abril de 2024;Muito bom;Amei o atendimento, e a presteza dos funcionários. ;;;;
;;;;;;
No meu quarto tinha uma espécie de closet; bem na porta do banheiro . Amei a ideia. Não tinha visto em outro hotel. Ajudou muito na organização do quarto; pq deixei as roupas lá;" e não espalhadas pelo quarto.""";O ar condicionado a noite as vezes parou de funcionar, e depois voltava ... Ficava quente o quarto. Acabou atrapalhando o sono, pq acordava com muito calor, várias vezes a noite. ;;
;;;;;;
As instalações do banheiro também poderia ser menos antiga. Mas tudo funcionava;" é o que importa.""";8;;;;
25 de março de 2024;Bom;A localização do hotel é boa. O check in foi muito ágil.;A qualidade do quarto era bem baixa. Quarto antigo, chiveiro muito fraco, dificuldade de abrir a porta de entrada, etc. Vários pontos a melhorar.;7;;
15 de março de 2024;Bom;Funcionários educados e prestativos. A localização é muito boa, restaurantes e supermercados perto.;Muita claridade da área externa (corredor) invadindo o quarto (02) o tempo todo, além da acústica do quarto não ser boa, com relação aos barulhos do corredor. A intenção era descansar para encarar uma longa viagem e infelizmente, a claridade não me permitiu dormir bem.;7;;
27 de fevereiro de 2024;Fantástico;Gente fiquei num quarto enorme de 8 camas, único que eu conheci com 8 camas e ainda no banheiro eram 2 chuveiro/sanitário e 2 pias.;;;;
Além disso;" o café da manhã simples mas de muito bom gosto.""";Os beliches de cima eram um pouco instáveis e não achei a limpeza excelente, mas não foi horrível.;9;;;
25 de fevereiro de 2024;Muito bom;Limpeza e paz;Hoteis são frios e impessoais. Falta vida.;8;;
20 de fevereiro de 2024;Bom;bom café da manhã, boa localização, equipe simpática;limpeza poderia melhorar, preço alto pela acomodação;7;;
18 de fevereiro de 2024;Bom;O quarto muito cheiro de guardado. Para quem tem alergia, é triste. Mas de resto, simples, mas bom atendimento;;7;;
17 de fevereiro de 2024;Muito bom;A localização;Café da manhã muito pobre;8;;
15 de fevereiro de 2024;Superou minhas expectativas, ótimo custo benefício.;Ótima Localização próximo à praia, restaurantes e outros pontos turísticos e serviços;O hotel é um pouco apertado;9;;
21 de janeiro de 2024;Bom;Localização muito boa, com muitas opções de restaurantes por perto.;Alguns problema técnicos, mas que foram prontamente resolvidos pelo recepcionista.;7;;
17 de janeiro de 2024;Bom;Café e localização muito bons!;;7;;
8 de janeiro de 2024;Satisfatório;PONTOS POSITIVOS:;;;;
#NOME?; mas gostoso (opções de suco naturais; pães; frutas; ovos);;
#NOME?;;;;;;
#NOME?; pertinho de restaurantes e ao lado da praia de Boa Viagem;;;;;
#NOME?;;;;;;
"- Ar condicionado""";PONTOS NEGATIVOS:;;;;;
#NOME?; rotativo. Se tiver vaga; você coloca. Se não; tem que estacionar longe.;;;
#NOME?; com uma gota para cada lado;;;;;
#NOME?; o quarto fica completamente claro.;;;;;
#NOME?;;;;;;
"- Quarto um pouco pequeno""";8;;;;;
4 de janeiro de 2024;Muito boa;Café da manhã bem gostoso, mas senti falta de variações.;Todos os dias são as mesmas opções no cardápio do café.;8;;
3 de janeiro de 2024;Atendeu as expectativas;Simplicidade e conforto do quarto (embora pequeno);A única coisa que poderia melhorar é no café da manhã, um dos pratos estava muito salgado, porém isso não diminui em nada a experiência que tive no hotel.;9;;
20 de dezembro de 2023;Próximo à praia, bom café da manhã e quarto apertado;Colchão macio;Quarto super apartado, disposição das camas e parede anguladas, diminuindo ainda mais o espaço interno.;7;;
17 de dezembro de 2023;Bom;Localização;Nada;7;;
14 de dezembro de 2023;Muito bom;Gostei principalmente da cama e os travesseiros.... rsrsrs. E claro do café da manhã. A equipe de colaboradores também é muito receptiva. Educados, tratam bem os clientes. A localização também é muito boa.;Nada a comentar.;8;;
14 de dezembro de 2023;Bom;Café da manhã é simples, mas muito bom ;;;;
4 de dezembro de 2023;Bom;Do atendimento do recepcionista Expedito, muito educado e atencioso , do café da manhã bem regional e da localização .;Logo quando chegamos e fizemos o check e fomos pro quarto o ar-condicionado não funcionava , motivo controle estava na recepção , interfone não funcionava , ralo do banheiro entupido, torneira do chuveiro quebrada , quarto em algumas partes com mofo .;7;;
19 de novembro de 2023;Fantástico;EXCELENTE LOCALIZAÇÃO. FICA BEM PERTO DA PRAIA E TEM FARMACIAS, SUPERMERCADOS E RESTAURANTES BEM PERTO.;;;;
"A EQUIPE SUPER SOLICITA. AS ACOMODAÇÕES DO HOTEL PELO CUSTO BENEFICIO ACHEI QUE ESTAVAM DE ACORDO.""";O CAFE DA MANHA PODERIA TER UMA DIVERSIDADE MAIOR;9;;;;
14 de novembro de 2023;Bom;O atendimento e a cordialidade do staff. Excelente localização. Bom custo-benefício.;O prédio estava em reforma.;7;;
14 de novembro de 2023;Muito bom;Localização excelente;Não tenho críticas no momento;8;;
9 de novembro de 2023;Bom;Instalações limpas, bom café da manhã e ótima localização.;Estrutura do prédio antiga.;7;;
7 de novembro de 2023;Muito bom;Hotel bom, café da manhã tb era bom.;;;;
Ficamos apenas uma noite; pois as conexões dos nossos voos eram demoradas. Serviu bem para o propósito; perto do aeroporto. ;;;;
Tem uma pizzaria que funciona no restaurante do hotel a nte; mto gostosa!! ;;;;;
"Perto da praia e com funcionários mto receptivos e simpáticos.""";O hotel está em reforma e inicialmente haviam nos colocado em um quarto que não era condizente com as fotos do booking. Pedi para trocar, e rapidamente foi solucionado.;8;;;;
6 de novembro de 2023;Fantástico;Localização.;;9;;
1º de novembro de 2023;boa recepção;ambiente agradavel ...;;8;;
22 de outubro de 2023;Ótimo custo benefício;O atendimento dos funcionários.;Tudo muito bom.;9;;
20 de outubro de 2023;Bom;Localização;Quarto pequeno;7;;
9 de outubro de 2023;Custo benefício excelente;Localização;;8;;
6 de outubro de 2023;Muito bom;Localização;;8;;
3 de outubro de 2023;Boa localização;Localização, café-da-manhã, funcionários.;Quarto pequeno.;8;;
1º de outubro de 2023;Bom Custo Benefício;Gostei do conforto dos quartos, a localização do hotel é muito boa e ótimo café da manhã.;Um dos edredons estava com cheiro de mofo no quarto que estive.;9;;
30 de setembro de 2023;Bom custo benefício pra quem passará poucos dias;Quarto confortável. Wi-Fi bom.;Café da manhã muito fraco. Pouquíssimas opções;7;;
19 de setembro de 2023;Fantástico;Tranquilo e confortável;;9;;
18 de setembro de 2023;Confortável e simples. Gostei.;Ar condicionado muito bom, quarto confortável apesar de pequeno.;O banheiro acumulou água após o boxe e não tinha queda d’água pro ralo. O café da manhã foi bem gostoso apesar de simples e poucas opções.;7;;
15 de setembro de 2023;Muito boa;Localização e limpeza;;8;;
13 de setembro de 2023;Boa;Localização;Chuveiro elétrico não funcionou;7;;
29 de agosto de 2023;Muito bom;Do atendimento, equipe muito cortez.;;8;;
21 de agosto de 2023;Muito bom;Gostei muito do hotel de modo geral.;;8;;
8 de agosto de 2023;Boa;Atendimento bom !;Não tinha água na geladeira;8;;
24 de julho de 2023;Muito bom;Localização;Hotel velho;8;;
25 de junho de 2023;Fantástico;Localização e limpeza;Poucas tomadas no quarto, precisamos desligar geladeira e tv para botar o celular e computador para carregar;9;;
17 de maio de 2023;Regular;Localização;Eu e meu irmão vamos pra Recife para tratamento mensalmente. Ficamos num único hotel que dessa vez não estava disponível. Quando não vou, sempre pago a hospedagem dele à distância, por QR code e no cartão de crédito. ;;;
Ele foi pra esse dessa vez e o hotel simplesmente recusou meu cartão de crédito como pagamento; alegando que não era meu. Falei que era da minha mãe e que ela morava comigo e ela estava pagando; que eu podia comorovar; etc e ral.... Achei um hotel muito travado e sem sensibilidade nenhuma com as particularidades. Conclusão: tive que pagar no pix. Tem mais: disseram que vocês da booking é que determinaram isso. Olha; não é de agora que sou cliente booking e não posso acreditar nesse absurdo. Muito embora tenho percebido muita coisa chata no booking. Tenho 3 episódios em pouco tempo;" que tem deixado o serviço da Booking a desejar.""";7
15 de maio de 2023;Agradável;Café ótimo e localização legal;Falta estacionamento;7;;
5 de maio de 2023;razoável;da localização;quarto muito mal cuidado;7;;
2 de maio de 2023;Fantástico;café da manhã excelente, os funcionários atenciosos;;9;;
29 de abril de 2023;Hotel reformado, ótimo para viagens a trabalho.;O hotel está reformado, O quarto que eu fiquei era pequeno porém aconchegante. Tudo sempre limpo e novo (roupa de cama, toalhas, chuveiro, ar condicionado, frigobar). Não tinha armários, porém tinha suporte para as malas e local para pendurar as roupas que amassam. A localização é ótima, fica muito próximo do aeroporto (poucos minutos) e da praia, tem farmácia, supermercados, lanchonetes e restaurantes bem próximos. Hotel ótimo, para viagens a trabalho.;Senti falta de um telefone no quarto (para avisar de um delivery, por exemplo).;9;;
24 de abril de 2023;Bom;Ótimo custo-benefício. Boa acomodação, cama confortável. Boa localidade, próximo à bares, restaurantes, shopping! Funcionários solícitos. Bom café da manhã.;Tive problemas com a TV do quarto e maçaneta da porta, mas fora solucionado pela funcionária que de pronto fez o atendimento e ajustes necessários.;7;;
18 de abril de 2023;Muito bom;café da manhã;limpeza;8;;
11 de abril de 2023;Bom custo-benefício!;A estrutura do hotel é muito boa! Ótima localização! Estacionamento em frente à portaria!;O café da manhã poderia ser melhor! Não condiz com a estrutura do hotel!;8;;
10 de abril de 2023;A localização é ótima, restaurantes, supermercado, farmácias, bancos próximos, além da orla da Praia de Boa Viagem e a P;Limpeza e atendimento;Quarto apertado e tv com sinal ruim;8;;
4 de abril de 2023;Muito bom;Instalações limpas, hotel organizado, café da manhã bom.;No primeiro dia um dos quartos alugados estava com o ar condicionado com problema, e o atendimento não foi bom do 1o atendente. Os demais foram super educados.;8;;
28 de março de 2023;Muito bom;Localização;Café bem fraco e limpeza razoável;8;;
26 de março de 2023;Media sem serviçõs .;Hotel com acomodação sem conforto , precisa melhorar suas instalações .;Café da manhã .;7;;
25 de março de 2023;valeu o custo benefício.;Da limpeza, receptividade dos funcionários do café da manhã. A localização é excelente.;Achei o quarto pequeno para 3 camas. as camas ficará separadas apenas 10 cm.;9;;
20 de março de 2023;rápida;localização;O atendimento da reserv aquando fui pagar com cartão para um mestre que estava vindo de São Paulo para ministrar um curso disseram que só aceitava do titular ou seja tive que pagar e tive através de um pix para garantir a vaga .;7;;
19 de março de 2023;Muito bom!;Excelente localização, atendimento e acessibilidade!;Os quartos são pequenos, paredes do quarto da nossa hospedagem, estavam sujam, seria importante limpar ou pintar. A TV não possui conexão com internet, ou seja, só canais locais. E o café possui poucas opções.;8;;
8 de março de 2023;Muito bom;Após ler alguns comentários, confesso que fiquei um pouco receoso em realizar uma reserva no hotel…no entanto optei por realizá-la e me surpreendi. Ótima localização, bom café da manhã, quarto confortável, limpo (pelo menos o que eu fiquei) ótimo custo benefício…super atendeu às minhas necessidades.;Apenas uma observação: geralmente os hotéis oferecem “amenities” aos hóspedes, mas aqui não são disponibilizados. Poderia rever esta questão.;8;;
6 de março de 2023;Fantástico;Da localização;O quarto podia ser mais iluminado;9;;
27 de fevereiro de 2023;Bem acomodada;Gostei do café da manhã. Básico e sortido. Atende bem.;;;;
Atendentes; recepcionistas bem atenciosos. As da cozinha; então; um amor.;;;
Quarto limpo; dá para dormir legal. Percebi poeira embaixo da cama e próximo à janela. Pedi à profissional para limpar; pq sou alérgica à poeira e ela foi bem atenciosa.;;;;
"A localização é excelente. Foi muito favorável pra mim. Excelente custo-benefício.""";"Não teve nada demais que chamasse minha atenção. Eu li tantos comentários negativos que fiquei com receio de ir pra lá, mas conversei ao telefone e me informaram que o local passou por reforma. Então, encontrei um lugar ""habitável"" rsrs, sem as baratas, mofos e infiltrações que falaram nos posts antigos. Lembrando que ficamos pouco tempo no quarto qd fazemos viagens a passeio.";8;;;;
22 de fevereiro de 2023;vale a pena o custo benefício;localização muito boa;móveis antigos e velhos;7;;
17 de fevereiro de 2023;boa;Hotel bem simples, bom custo benefício, boa localização, café da manha simples mas bom.;Banheiro antigo, canalização de agua aparente com possibilidade de quebrar, mas tudo funcionando.;7;;
13 de fevereiro de 2023;Bom custo benefício;Localização, bom custo benefício.;;9;;
12 de fevereiro de 2023;Ótima opção para per noite.;ótima opção para um per noite próximo ao aeroporto de Recife com ótimo custo benefício.;;8;;
11 de fevereiro de 2023;Bom;Localização privilegiada. Hotel está próximo a praia e seu entorno está repleto de restaurantes, farmácias, mercados, bancos, dentre outros.;Quarto pequeno e com camas muito próximas umas das outras.;8;;
30 de janeiro de 2023;Bom;Localização é ótima.;Hotel bem simples e não disponibiliza shampoo e sabonete e não informa.;7;;
26 de janeiro de 2023;Gostei de tudo.;Hotel bom e de custo razoável;Tudo bom;8;;
19 de janeiro de 2023;Bom;Localização;Estacionamento;7;;
19 de janeiro de 2023;Localização boa, prédio antigo;A localização é muito boa!;Prédio antigo, banheiro e chuveiro não são tão bons e não disponibilizam toalha de rosto.;7;;
14 de janeiro de 2023;Pousada com um bom custo-benefício.;O Café da manhã é excelente;;;;
Solicitamos cobertores para os 3 hospedes; mas só nos deram 2;" solicitamos no dia seguinte novamente e fomos mais uma vez """"ignorados"""" no nosso pedido";" pois não foi entregue.""";7;;
13 de janeiro de 2023;Legal.;Café da manhã, ótima localização, custo benefício.;O hotel não oferece serviço de troca de toalhas até o hóspede sair, chuveiro ou era quente demais ou normal. Chuveiro fraco no 4 andar, Falhou no 1 dia que chegamos e tivemos que chamar o encanador, 2 tomadas no quarto todo. As instalações são antigas mas funcionam razoavelmente.;7;;
8 de janeiro de 2023;ótimo custo benefício;pra viagem em grupo foi ótimo, quarto amplo com espaço e o banheiro da p usar 4 pessoas ao mesmo tempo;banheiro;9;;
2 de janeiro de 2023;Ótima.;A localização... maravilhosa muito boa perto de tudo necessário para nossa carreira .;Da vista,e o Saveiro fica perto muito perto da praia.;8;;
12 de dezembro de 2022;Bom;Frutas;Falta de opções;7;;
7 de dezembro de 2022;Hotel simples, mas que atenderá às necessidades.;Hotel legal.;A estrutura, não é nada tecnológica, mas me serviu bastante.;7;;
17 de novembro de 2022;Bom;Localização;Elevador não funciona;7;;
16 de novembro de 2022;Foi bom;Internet funcionou bem. Cama confortável. Bom atendimento.;O quarto é pequeno. O chuveiro estava queimado e o ralo entupido, mas logo arrumaram.;7;;
1º de novembro de 2022;Muito bom;Localização, simpatia dos funcionários especialmente das senhorinhas do café da manhã, disposição pra solucionar imprevistos.;O conforto do banheiro deixou a desejar um pouco, já que é uma construção antiga.;8;;
26 de outubro de 2022;Bom;bom;;7;;
22 de outubro de 2022;Agradável;Custo benefício. Café da manhã gostoso. Acomodações limpas.;Local em obra, não consegui descansar durante o dia.;8;;
21 de outubro de 2022;Muito bom;;preço;8;;
18 de outubro de 2022;Ótimo custo-benefício!;Quarto aconchegante e cama confortável! Ótima localização!;Apenas o chuveiro um pouco fraco e não esquentava.;8;;
11 de outubro de 2022;Muito bom;Apesar de ser um hotel simples , a localização i muito boa e os funcionários são muito atenciosos.;;8;;
10 de outubro de 2022;Ótima podendo melhorar.;Café da manhã e localização;A torneira do chuveiro de metal está soltando podendo provocar um acidente com alguém, aconteceu comigo e minha esposa, e a torneira de si limpar no vaso não funciona;7;;
2 de outubro de 2022;Bom;Localização muito boa!;A internet infelizmente não funcionou;;;
25 de setembro de 2022;Gostei da localidade do hotel.;A localização do café é boa, mas devia ter mais diversidade de alimentos.;Não tinha sabonete ou shampoo no banheiro;7;;
24 de setembro de 2022;Me hospedaria novamente sem nenhum problema, viagem a trabalho.;Localização, próximo a praia, academia, farmácia 24h, supermercado 24h, bares e restaurantes.;Quartos com mofo e pelo fato de ter somente 1 elevador pequeno o mesmo é muito demorado para chegar e ajeitar as malas dentro.;7;;
23 de setembro de 2022;Pela localização eu voltaria.;Gostei do café da manhã e da tv.;Não tem tomadas perto da cama e o local é bem antigo.;8;;
22 de setembro de 2022;Fantástico;O quarto que fiquei era ótimo, e a localização do hotel também é ótima para quem quer conhecer boa viagem ou precisa ir ao aeroporto.;;9;;
12 de setembro de 2022;estadia útil.;gostei do café da manhã e da limpeza do enxoval.;a estrutura física é antiga, então deixa um pouco a desejar, por exemplo: a torneira do chuveiro estava solta e caía no chão toda vez que a manuseávamos, a porta do banheiro não travava e passava a noite aberta, as cortinas blackout eram curtas e deixavam passar feixe de luz, além do elevador ser tão antigo que não ascende as luzes dos andares que acionamos.;7;;
9 de setembro de 2022;Muito bom;Localização;No dia da hospedagem, estava em obra acordámos com barulho e nosso ar não gelava bem;8;;
30 de agosto de 2022;Foi boa.;Atendimento excepcional dos colaboradores e localização. Os quartos são minúsculos, café da manhã bom.;Muito barulho no meu quarto por estar do lado do elevador. Também quarto muito pequeno.;8;;
27 de agosto de 2022;Precisam melhorar as camas;Localização;Da cama;7;;
25 de agosto de 2022;Boa hospedagem;Melhor parte com certeza é o fato do hotel ter espelhos grandes tanto nos quartos, como nos corredores. Banheiro muito amplo, ótimo.;A TV não ser smart, e as toalhas são muito surradas. Pessoalmente os quartos são mais simples que nas fotos.;7;;
24 de agosto de 2022;Bom;;Muito barulho.;7;;
17 de agosto de 2022;Muito bom!;localização e o café da manhã, muito diverso!! Uma;cheiro de bofo no corredor;8;;
8 de agosto de 2022;Estadia tranquila, confortável e agradável.;O Café da manhã é muito bom. Delicioso o bolo de macaxeira. rs...;;9;;
2 de agosto de 2022;É bom, mas pode ser melhor.;A questão da limpeza, o hotel Saveiro sempre dá um show e a localização nem se fala. O rapaz da recepção, o que me recebeu e estava saindo serviço, bem com o que ficou na madruga, são educados e prestativos;;;;
São pequenos detalhes que fazem a diferença. Resolvam esses problemas citados. Tirem aquele guarda roupa e coloquem cabideiro horizontal; botem piso vinílico com manta acústica para ajudar os hóspedes do andar abaixo. ;;;;;
Reafirno: corrigindo esses detalhes acima;;;;;;
28 de julho de 2022;Eu voltarei!;Localização;O preço;7;;
24 de julho de 2022;Boa relação custo X beneficio;Wi-fie sinal de TV eram bem fracos mo meu quarto. ;;;;
Prédio antigo e passando por reformas no interior. ;;;;;;
"Localização ótima e bom custo x beneficio""";Wifi e sinal de Internet fracos;7;;;;
17 de julho de 2022;Bom;Muito bem localizado.;;7;;
17 de julho de 2022;Gostei muito e vou voltar.;Cadê da manhã muito bom. Atendimento Muito Bom. Conforto e praticidade.;Faltou cobertas no primeiro dia. Depois tudo certo.;8;;
2 de julho de 2022;Muito bom;Preço, café da manhã, localização;Os quartos de frente pra avenida são bastante barulhentos;8;;
8 de junho de 2022;Poderia ser mais a cessível o valor das diárias pela estrutura disponível.;O elevador estava com problemas, e as escadas molhadas devido as chuvas. Bom café da manhã.;Como foi no período das chuvas fortes, isso pode ter comprometido as escadas que estavam molhadas.;8;;
9 de maio de 2022;Satisfatório, porém a administração precisa treinar e ouvir as funcionárias do café da manhã.;Conforto da cama, atendimento da recepção.;Não foi a primeira vez que identifiquei, mas percebo a insatisfação das moças que trabalham no café da manhã. Conversam alto, reclamam do trabalho, muito barulho ao recolher a louça. Claramente insatisfeitas com o trabalho.;8;;
28 de abril de 2022;Muito bom;Ótima localização. Excelente para quem está indo para um bate e volta. O quarto é fiel as fotos. Ar condicionado e chuveiro de água quente com bom funcionamento. O café da manhã tinha um bolo de milho excelente.;A pia do banheiro estava apresentando entupimento.;8;;
17 de abril de 2022;Hotel simples , bom para estadia de poucos dias .;Hotel próximo a praia, feirinha de artesanato e do aeroporto. Toalhas e roupas de cama em boas condições.;O chuveiro não ligou, tivemos que tomar banho frio.;7;;
14 de abril de 2022;Boa;Gostei do café da manhã e da acomodação.;Banheiro com falha na ducha.;8;;
15 de março de 2025;Saveiri;Localização e ambientes amplos....;Nada ótimo e nada muito ruim..... Típico hotel 2,5 estrelas!;6;;
5 de março de 2025;Gostei;Tudo;Do guarda-roupa;10;;
24 de fevereiro de 2025;Satisfatório;O café da manhã não tem muitas opções.;Comodidade.;6;;
23 de fevereiro de 2025;Aceitável;Próximo a muitas coisas e da praia;Muito pequeno e simples;5;;
18 de fevereiro de 2025;Péssimo;A recepcionista foi bem grossa comigo, tinha uma reserva para 9 pessoas. Ela praticamente me gritou mandando mudar meu carro da vaga de estacionamento, depois foi bem grossa ao pedir os documentos de todos, ela mudou o comportamento na hora do pagamento, quando ela percebeu que eu seira a pessoa que efetuaria o pagamento lá. no outro dia (22/01) havia outra recepcionista que foi muito simpatica, totalmente diferente da do dia (21/01). Triste demais isso porque é um hotel que me hospedo frequentemente.;melhor treinamento dos recepcionistas para tratar melhor os clientes.;1;;
17 de fevereiro de 2025;Foi uma viagem bem proveitosa, o Hotel é bom e ficarei nele, novamente.;A localização do hotel é perfeita, tem absolutamente TUDO por perto. As funcionárias são extremamente simpáticas e atenciosas. O café da manhã é bom, também. O quarto atende bem a uma pessoa, é muito limpo, ar condicionado muito bom, frigobar funcionando. O banheiro é pequeno, mas atende bem.;"O único ""problema"" é a potência do wi-fi. O sinal é fraco, se vc liga o notebook e o celular não vai conseguir sinal para os dois, um deles não vai rodar. Eu consegui trabalhar ""bem"" com o notebook, mas o celular tive que usar meu plano de internet. Dá para o hotel, com pouco investimento, incrementar essa parte, que é essencial, hoje em dia.";10;;
9 de fevereiro de 2025;Pelo valor o custo benefício super compensa;Localização, café da manhã, atendimento dos funcionários;Instalações antigas e não tinha tomadas próximo as camas;10;;
3 de fevereiro de 2025;Ótima!;Localização, limpeza e do conforto. Os funcionários do hotel são muito atenciosos!;Nada a reclamar.;10;;
1º de fevereiro de 2025;Para quem busca por conforto não é recomendável!;Gostei do chuveiro, do banheiro e do café da manhã!;Os colchões são desconfortáveis;;;
Os lençóis e cobertores finos;;;;;;
O ralo do banheiro entupido;;;;;;
"A televisão pequena.""";5;;;;;
27 de janeiro de 2025;Preço e conforto;Ótima localização, 5 minutos de carro uber do aeroporto, achei isso maravilhoso, café da manhã gostoso, quarto e banheiro super limpinho, e um quarto simples porém com cama super confortável.;Gostei da cama;10;;
25 de janeiro de 2025;O melhor da estadia foram os funcionários. Um senhor que fica na recepção, muito gente boa.;A localização, os funcionários são maravilhosos!;No quarto não tem nenhuma tomada próximo a cama. Acho que deveriam modificar isso. Tomadas apenas da Tv e no banheiro;6;;
24 de janeiro de 2025;Super top😃;Tudo do melhor,povo muito hospitaleiro,top;Não tenho do que reclamar;10;;
23 de janeiro de 2025;Péssimo;De nada.;As fotos não correspondem com o quarto que nos deram. Tem até uma parte do piso sem cerâmica, só cimento. Ficamos no 306, mas o 206 era igual porém com vazamento no banheiro. As camas de madeira com cupim. Toalhas de banho encardidas.;3;;
21 de janeiro de 2025;Excepcional;Ótima localização,atendimento excelente.;;10;;
21 de janeiro de 2025;PÉSSIMA, FUI DESTRATADO, NAO INDICARIA A NINGUEM...;Hotel antigo, reforma mal feita, recepcionista foi muito ignorante, localização com muitos moradores de rua, nao tem estacionamento... NAO RECOMENDO;Hotel antigo, reforma mal feita, recepcionista foi muito ignorante, localização com muitos moradores de rua, nao tem estacionamento... NAO RECOMENDO;3;;
16 de janeiro de 2025;Hotel simples porem antende;Café é bom, mas poderia melhora com mais variedades, localização é otima do lado do aeroporto;Decoração antiga, chuveiro queimado, box banheiro parecia que ai cair;6;;
13 de janeiro de 2025;serve para passar 1 ou 2 dias, fiquei para esperar meu voo.;gostei da localização facil acesso mercados e restaurante perto, a praia 200 mt!!;;;;
limpeza boa e um bom atendimento;" bem educados.""";Camas horriveis quartos muitos pequenos;;;;
barrulho cedo ; parece estar em reforma ; puxando coisas piso superior;;;;
"Não tem estacionamento""";5;;;;;
12 de janeiro de 2025;Excepcional;Gostei muito da cama e travesseiros, muito limpo, atendimento 10000... Ponto muito bom, próximo a praia, farmácias, restaurantes, bancos.... fácil a tudo...local muito bom, hotel simples + atende super bem em tudo....eu voltaria sim.;Tudo.... Muito bom fiquei 2vdias;10;;
10 de janeiro de 2025;Excepcional;Bom atendimento, pxo a praia;;;;
"Xx""";;10;;;;
7 de janeiro de 2025;Satisfatório;;Muito barulho no hotel;6;;
7 de janeiro de 2025;Satisfatório;Da localização próxima ao aeroporto.;Corredores sujos e estreitos. Café da manhã;6;;
5 de janeiro de 2025;Aconchegante.;Confortável.;Nada.;10;;
4 de janeiro de 2025;Ok.;Perto do aeroporto.;Lugar bem pequeno, da pra ouvir tudo em volta… outros quartos, corredor.;5;;
2 de janeiro de 2025;Excepcional;Banheiro novo e reformado;;10;;
23 de dezembro de 2024;Excepcional;Localização perfeita, café da manhã muito bom.;;10;;
7 de dezembro de 2024;Muito bom;De tudo;;10;;
2 de dezembro de 2024;Limpeza dos quartos e manutenção muito falha.;Localização e atendimento da equipe da recepção.;Cheguei para check-in no fim do dia, e ao chegar ao quarto observei que todas as luzes do banheiro estavam queimadas. Procurei o funcionário da recepção e fui informado que a substituição das lâmpadas só poderia ocorrer no outro dia pela manhã. Solicitei então um outro quarto, e fui informado que o hotel estava lotado e teria que ficar nesse mesmo, ou seja, tivemos que tomar banho sem luz no banheiro com luzes dos celulares. Ao amanhecer conseguimos visualizar que, para completar, a lixeira do banheiro estava cheia de papel higiênico sujo, ou seja, na limpeza do quarto não foi removido para receber o hóspede. Estacionamento com poucas vagas. Tivemos que parar o carro na rua mesmo. Quarto bem apertado.;6;;
27 de novembro de 2024;surpreendente;Ambiente aconchegante e pessoal bacana. ;;;;
"localização ótima.""";por hora nada.;10;;;;
8 de novembro de 2024;Excelente custo benefício;Próximo ao aeroporto, cama confortável, ar condicionado funcionando, chuveiro bom e banheiro limpo. Excelente custo benefício.;A hospedagem entrega o que anuncia.;10;;
25 de outubro de 2024;Experiência ruim;A recepcionista muito despreparada sem experiência ou pouco arrogaste .;Não recomendaria o hotel;5;;
25 de outubro de 2024;Excelente localização , quarto bem organizado, excelente café da manhã e funcionários atentos e gentis .;Excelente localização , quarto bem organizado, excelente café da manhã e funcionários atentos e gentis .;Achei que tinha poucas tomadas .;10;;
21 de outubro de 2024;Aceitável;Boa localização;Café da manhã não era muito variado, tava fria algumas comidas, a localização do hotel é boa, mas o prédio é meio antigo, o chuveiro a água era muito fraca.;5;;
16 de outubro de 2024;Ótimo custo benefício;Atendimento, Conforto dos colaboradores, pernoitei pra pegar um voo cedo me atendeu muito bem.;Tudo ótimo!;10;;
9 de outubro de 2024;Excepcional;Muito bem localizado, perto do aeroporto e ao ladinho da praia. Possui muito comércio nas proximidades, restaurantes, conveniências. Ótimo custo-benefício, recomendo!;;10;;
9 de setembro de 2024;Razoável;Apartamento bem usual,pequeno porém confortável !!!;Barulho do elevador muito alto no corredor!toda vez que alguem usava o barulho ficava alto dentro do quarto e incomodava;6;;
4 de setembro de 2024;Excepcional;Gostei de tudo;;10;;
27 de agosto de 2024;Bom;Bom;Bom;10;;
22 de agosto de 2024;Caro pelo que oferece;Nada;Hotel fraco;5;;
16 de agosto de 2024;Pessima;Não indico;Tudo;1;;
15 de agosto de 2024;Excepcional;Hospedagem simples, mas confortável. Ficamos no quarto família e nos atendeu muito bem. Escolhi o hotel pela proximidade do aeroporto então para mim foi um ótimo custo-benefício e atendeu as expectativas.;;10;;
30 de julho de 2024;Sinceramente não irei mais;;Lençóis velhos , toalha amarelada antiga cama desconfortável;5;;
30 de julho de 2024;O preço não justifica as condições que encontrei pois já estive em diversos hotéis em minha vida.;Fraco e muito mal arrumado, apresentação muito ruim com produtos não sendo de primeira linha.;Fiquei em um apto térreo e assim perto da cozinha com isso teve muito barulho na parte da manhã. O chão do quarto precisaria estar varrido e não estava. Não havia tomada junto a mesa de trabalho;;;
17 de julho de 2024;Satisfatório;Cafe da manha é bom. Localizacao otima. Quarto e hotel bem simples. É so p dormir. Nao tem atrativos.;;6;;
12 de julho de 2024;Razoável;O café da manhã é excelente.;O quarto nao tem uma tomada;;;
8 de julho de 2024;Pertinho da padaria.;Localização;Tudo satisfatório.;10;;
2 de julho de 2024;Excepcional;Tudo;;10;;
23 de junho de 2024;Excepcional;Tudo perfeito;;10;;
22 de junho de 2024;Excepcional;Localização excelente. Ótimo café da manhã.;;10;;
28 de maio de 2024;Ótimo;Eu gostei do hôtel ter atendido meu pedido assim que eu envie por email, da organização e limpieza.;só de não ter o menu no quarto, mas isso é o de menos;10;;
11 de abril de 2024;Satisfatório;Café da manhã básico e bom;;;;
"Localização boa""";O quarto é bem básico pro valor que cobram, e tem apenas uma tomada no quarto.;6;;;;
25 de março de 2024;Aceitável;Localização;Cama , café;5;;
21 de março de 2024;Ideal para pernoitar ou ficar poucos dias.;Espaço do banheiro bom, boa localização, quarto novo.;Quarto pequeno, vazava água no banheiro, não houve limpeza no segundo dia e café da manhã bem precário.;6;;
21 de março de 2024;Decepcionante.;A localização foi boa, próxima do local onde nos deslocaríamos.;O custo benefício deveria ser melhor. Pelas fotos apresentadas no site parece um hotel novo e organizado, contudo, a realidade não condiz com as imagens.;4;;
8 de março de 2024;Maravilhosa;Localização e organização;;10;;
29 de fevereiro de 2024;Custo benefício ok!;Funcionários educados e hospitaleiros. Café da manhã ok!;Quartos mal acabados, cheiro de mofo, muito pequeno e apertado.;6;;
18 de fevereiro de 2024;Excepcional;O café da manhã é bom, tem variedade, mas não tanta, local excelente, comodidade também boa, conforto e localização;;10;;
15 de fevereiro de 2024;HOTEL SIMPLES PARA UMA ESTADIA.;HOTEM TEM ÓTIMA LOCALIZAÇÃO, MAS PRECISA DE REFORMAS PARA MELHORAR A EXPERIÊNCIA DOS HÓSPEDES.;;;;
PARA QUEM NÃO BUSCA CONFORTO E SIM PREÇO;" É UM LUGAR BOM.""";DO TAMANHO DO QUARTO PARA 3 PESSOAS, BANHEIRO COM PROBLEMA DE INFILTRAÇÃO.;5;;;
14 de fevereiro de 2024;Muito ruim;;Atendimento de check-in muito demorado. A reserva ainda aparece como pendente no aplicativo booking. Houve alguma divergência de informações;2;;
9 de fevereiro de 2024;Amei;Recepção;Nada;10;;
7 de fevereiro de 2024;Insatisfeito;Nada pelas fotos parecer ser um hotel muito bonito mas engana bem;Banheiros velhos quase não sai água no chuveiro;5;;
28 de janeiro de 2024;Excepcional;Limpeza;;;;
Atendimento;;;;;;
"Localização""";;10;;;;
21 de janeiro de 2024;MARAVILHOSA;AS INSTALAÇOES PERFEITAS E LIMPEZA , CHAMA ATENÇÃO E CONFORTO DAS CAMAS, FOI MUITO PRAZEROSO .TER ESCOLHIDO ESSE HOTEL;AINDA NAO DEU PARA IDENTIFICAR;10;;
21 de janeiro de 2024;Maravilhosa, voltarei outras vezes;Camas, comida e limpeza;Nada;10;;
16 de janeiro de 2024;Satisfatório;;Limpeza do banheiro deixou muito a desejar. O box estava bem sujo.;6;;
2 de janeiro de 2024;Excepcional;Gostaria de elogiar especialmente a Patrícia, do setor de reservas que foi espetacular no atendimento e resolução de problemas. No mais fomos muito bem recepcionados por todos.;Único ponto de melhoria é em relação a limpeza diária dos quartos que deveria ocorrer. Saímos com as lixeiras empilhadas pq não houve esta visita para troca de sacos e arrumação das camas;10;;
28 de dezembro de 2023;Aceitável;O elogio vai para os funcionários , que foram todos muito gentis e solícitos. Outro ponto positivo é a localização, pois o hotel é perto da praia de Boa Viagem, da feirinha de artesanato, de supermercados e restaurantes. O café da manhã é bem simples, mas gostoso.;Pontos negativos são diversos: ;;;
;;;;;;
#NOME?; o piso é muito antigo; a porta do guarda roupa estava descascando assim como a porta do banheiro. Sem contar o elevador; que parece que há anos não recebe uma reforma/manutenção. ;;;
;;;;;;
- Quarto muito pequeno. Estávamos em 4 pessoas e nos concedaram um quarto que mal cabia um casal. Poderiam ser sinceros e cobrar logo por 2 quartos; ja que aquele quarto não cabem a quantidade de pessoas que sugerem. ;;;;;
;;;;;;
#NOME?; e não nos avisaram com antecedência. Fiquei sabendo na mesma manhã que aconteceria a reforma (que causou uma baita poeira e sujeira) pois o recepcionista me avisou quando voltei do café da manhã. Repito que não estou direcionando a crítica aos funcionários; que foram muito solícitos; mas sim à gerência do hotel que faz uma reforma com hóspedes no andar; sem aviso prévio. Estávamos com uma idosa de 79 anos que teve que descer a escada até o 2° andar para poder sair e pegar o elevador. ;;
;;;;;;
#NOME?; obviamente ; mas sim; algo simples porém aconchegante ( e com manutenção!!!). ;;;
;;;;;;
#NOME?;;;;;;
;;;;;;
#NOME?;;;;;;
;;;;;;
#NOME?;;;;;;
;;;;;;
"- Fotos não condizem com a realidade.""";5;;;;;
25 de dezembro de 2023;Fiquei confortável.;Tudo bem limpo,roupas de cama impecável,chuveiro funcionando bem.;Banheiro com as instalações um pouco desleixadas.;10;;
23 de dezembro de 2023;Excepcional;Ótima recepção , funcionários extremamente educados e receptivos ...,quarto confortável , café da manhã excelente .;;10;;
19 de dezembro de 2023;Muito ruim;-;Foi feita a reserva para 4 pessoas, porém na solicitação da reserva apareceu apenas a opção para colocar apenas nome dos dois quartos principais. Na hora do check in foi cobrado mais adicional de duas pessoas, pois alegaram que a reserva foi somente para 2. e No fechamento das diárias foram cobrado mais dois adicionais.;2;;
8 de dezembro de 2023;Bem ok.;Café da manhã com poucos opções, bem simples, mas bem aceitável. Senti falta de pão francês.;O café da manhã poderia ter sido mais completo, com mais opções. Além disso, estavámos em um quarto duplo, mas haviam três camas.;6;;
5 de dezembro de 2023;Hotel muito surrado;A Localização é excelente.;Hotel muito surrado, banheiro com três tipos de piso, foi realizado uma reforma, mais precisa o mais rápido possível de nova reforma. ;;;
Roupas de camas; bem usadas precisando renovar. ;;;;;
Café da manhã ruim; pra falar pouco. ;;;;;
"Se precisar de um custo beneficio tem outros na mesma região melhor""";5;;;;;
20 de novembro de 2023;ótima localização, custo benefício e conforto.;ótimo café da manhã, acomodação bem tranquila e confortável, perto da praia e fomos super bem tratados pelos funcionários.;;10;;
13 de novembro de 2023;Se a viagem for a trabalho, não recomendo esse hotel. Muito ruim para descansar;Boa localização;Fiquei em um quarto ao lado do elevador, extremamente barulhento, impossível dormir! Pedi para me trocarem de quarto, mas só havia outro disponível no dia seguinte;4;;
12 de novembro de 2023;Satisfatório;Localização muito boa.;Banheiro extremamente improvisado, com canos a mostra saindo da area do chuveiro. Elevador sujo e antigo. Tava um cheiro muito forte e desagradável no corredor. Falta de tomadas no quarto.;6;;
12 de novembro de 2023;Excepcional;A localização é ótima perto de tudo e os funcionários todos gentis.;Só o café que achei que tem muito pouco opção, eu por exemplo gosto de molho de cachorro quente e só um dia dos 3 que teve ,acho que deveria ter e todos os dias.;10;;
12 de novembro de 2023;Válido para apenas uma noite, quando não encontrar algo melhor disponível.;Cheiro de tinta forte por todo o prédio. ;;;;
Quarto precisando urgente de uma repaginada. ;;;;;;
Paredes sujas; descascando. ;;;;;
"TV sem sinal de antena.""";O quarto.;5;;;;
8 de novembro de 2023;Aceitavel!;Localização.;O quarto parecia estar em reforma, ou começaram a reforma e pararam, sujo, paredes sujas, manchadas, roupas de cama amareladas, banheiro bem antigo e sujo. O quarto nada se parece comas fotos do site. Bem pior.;5;;
5 de novembro de 2023;Péssimo;distância do aeroporto (hotel fica perto do aeroporto);Quarto extremamente pequeno. Não nos hospedaram no quarto como da foto. Ficamos em um menor, com o cobertor sujo, a cama pequena. Baixíssima qualidade.;1;;
31 de outubro de 2023;Não vale o valor pago;;Colchão muito desconfortável.;;;
"Banheiro com encanamentos à vista""";4;;;;;
30 de outubro de 2023;Como foi um bate e volta, foi aceitável! Porém poderiam melhorar em alguns aspectos.;Somente o conforto da cama.;Instalações antigas, portas não fecham e por vezes o serviço de limpeza fazia muito barulho e foi impossível dormir tranquilamente. Na área do banheiro, não tinha toalha de rosto e nem pano de chão, o último foi ainda pior, pois o piso é muito escorregadio.;5;;
29 de outubro de 2023;Excepcional;Atendimento dos funcionários excelente;Só uma pequena coisa, vazou água do ar-condicionado, deixou o chão molhado.;10;;
26 de outubro de 2023;Aceitável;Localização, funcionários simpáticos e solícitos. Limpo no momento da chegada.;Hotel antigo, chuveiro fraco, café da manhã simples, arrumação durante a estadia se resume em somente forrar a cama e tirar lixo.;5;;
16 de outubro de 2023;Tem melhores em recife na mesma faixa de preço e com melhor custo-benefício. Não retornarei.;Localização;Quarto pequeno é desconfortável, cafe da manha com poucas opções, corredor do 4o andar escuro e sem pintura, elevador velho.;6;;
13 de outubro de 2023;Horrível;;O qts parece que está em reforma, o banheiro horrível, tudo velho, o chuveiro na esquenta aí falei com o funcionário do hotel disse que não pode fazer nda, que não pode estornar o dinheiro pq fiz a reserva pelo site do Booking, ou seja o cliente e obrigado usar algo que não funciona. ;;;
Fiz fotos e vídeos se quiser a prova do que estou falando inclusive vou passar pro meu advogado tomar as providências cabíveis. ;;;;;;
Cheguei no hotel por volta das 21:15hs saio às 6hs ou seja vim pro hotel pra tomar banho e descansar aí o chuveiro não funciona e eu com minha esposa e filha de 9 anos somos obrigados a tomar banho gelado pq não tem um serviço de manutenção no hotel e não estornam o dinheiro pra que eu possa ir pra outro hotel. ;;;;;;
O atendente muito atencioso porém não pode fazer nda; dps de muita coisa eu falar ele disse que poderia me estornar a metade do valor pago porém eu não achei justo. ;;;;;
"Se eu chego aqui sem entrar no qts e peço o estorno dizendo que não vou ultilizar mais o hotel eu concordo. Agora como fico num hotel onde o chuveiro não esquenta pra tomar banho ?""";1;;;;;
9 de outubro de 2023;estadia pessima;localização e café da manhã excelente;acomodação, quarto, banheiro, horrivel, quarto sem pintura, sem tomada na cabeceira da cama e no quarto;1;;
7 de outubro de 2023;Satisfatório;Localização, simpatia dos funcionários.;"Espaços muito limitados (""hall"", refeitório e quarto, tudo muito reduzido), Elevador antigo, Chuveiro fraco, Banheiro com cheiro rançoso, Armários antigos com cheiro forte, muitos ácaros, cortinas não abrem direito, pesadas e com cheiro forte. Café bem básico.";6;;
2 de outubro de 2023;Muito ruim;Funcionários são maravilhosos;Café da manhã terrível, poucas opções.;2;;
30 de setembro de 2023;Muito ruim;Só do atendimento do funcionário e da localização qqq;Não gostei de ,praticamente,nada;2;;
18 de setembro de 2023;Ótimo atendimento e localização;Atendimento excepcional, todos muito cordiais!;;;;
Limpeza e conforto; banheiro amplo.;;;;;
Localização excelente; próximo de tudo! ;;;;;
"Melhor escolha com certeza!""";;10;;;;
17 de setembro de 2023;Perfeito;Funcionários ótimos, café da manhã incrível e quarto muito confortável. A melhor escolha que eu poderia ter feito!;;10;;
29 de agosto de 2023;Ótima;Espaço, banheiro amplo, suporte para malas, closet;;10;;
22 de agosto de 2023;Não recomendo!!;Dá localização ;;;;
Do chuveiro ;;;;;;
"Funcionário ainda arrumou um cantinho para deixar a bagagem até horário do vôo""";Turma do café da manhã não são nada simpáticos;;;;;
Não há espaço para recepção;;;;;;
Café da manhã meia boca;;;;;;
Se vc precisar prorrogar a diária tem que pagar uma inteira;" não há day use!""";5;;;;
21 de agosto de 2023;Perfeito;Hotel muito bom próximo a tudo;Sem reclamações;10;;
7 de agosto de 2023;Excepcional;funcionários educados e muito prestativos, da recepção ao time de limpeza.;poderiam ter mais opções no café da manhã.;10;;
6 de agosto de 2023;Suficiente para uma viagem rápida mas sem muito conforto.;A localização é ótima. Próximo à praia, do aeroporto, da feirinha da praça de boa viagem, um supermercado extra 24h. ;;;;
O café da manhã muito bom. Pães de forma; frios (presunto e queijo) com sanduicheira para esquentar os pães; tapioquinha de mussarela; bolos que estavam uma delícia; cuscuz; frutas com granola. ;
O quarto estava limpo. O banheiro era bem espaçoso e limpo. 3 tomadas no quarto (umas sendo da TV que não usamos) e 1 no banheiro. ;;;;;;
"Ar condicionado funcionando muito bem. Aceitaram guardar nossas malas enquanto passamos o dia em Olinda após o check in.""";A maior decepção do hotel foi o chuveiro, além de sair pouca água, a temperatura era ou muito quente queimando a pele ou fria. Como estava calor na cidade não sofremos tanto assim, mas ainda foi desagradável. ;;;;;
As camas; para mim estava boa o suficiente pra dormir uma noite; mas meus amigos não acharam muito confortável.;;;;
Apesar da limpeza do quarto e do banheiro; os lençóis e toalhas estavam manchados. Seria mais agradável itens sem manchas. No quarto não havia endredom ou cobertores; apenas o cobre leito e lençóis. Na primeira noite por conta do ar condicionado estava frio e fez falta. Não perguntamos na recepção se tinha disponível; mas foi um item básico que fez falta. ;;;
A porta do quarto estava emperrado; então fazia muito barulho para abrir. Além disso;" era possível ouvir muito barulho dos corredores.""";6;;;
2 de julho de 2023;Apresenta custo alto, se comparado a outros próximos que oferecem melhor conforto.;Localização.;Quarto muito pequeno, cama ruim, bem velha. Box com porta emperrada.;5;;
30 de junho de 2023;Ótimo custo- benefício;Atendimento ótimo, funcionários maravilhosos. Localização excelente.;;10;;
8 de junho de 2023;Recomendo!;Gostei bastante do café da manhã. ;;;;
Além da comida ser muito saborosa;" tem diversidade.""";Apenas em relação a quantidade de tomadas no quarto, tinha muito pouca e tivemos que usar a tomada da TV.;10;;;
21 de maio de 2023;Serviu ao propósito de ficar perto do aeroporto, mas o hotel precisa de cuidados e manutenção.;Da localização.;É tudo bem antigo, elevador da até medo de usar, banheiro bem antigo e escuro. E ainda cobraram duas vezes o valor da diária no meu cartão, se eu não estivesse esperta teria passado.;3;;
14 de maio de 2023;Para hospedagens curtas, compensa.;A localização é boa.;O elevador faz um barulho absurdo, parece um gerador de energia sendo acionado, então toda vez que alguém usava o elevador o barulho incomodava demais.;6;;
13 de maio de 2023;hotel bastante velho e higiene precária;hotel bastante velho e higiene precária;hotel bastante velho e higiene precária;5;;
11 de abril de 2023;só é bom para levar amante, para se hospedar não.;é necessário demitir o atendente noturno, extremamente desagradável, e mal educado, o resto da equipe é ótima, mas o o atendente noturno é ruim.;camas duras, ar condicionado sujo, atendente noturno despreparado;4;;
4 de abril de 2023;Nunca mais!;;Aparentemente limpo mas várias baratas no quarto, banheiro e corredor sem contar que tinha um vazamento gigante no banheiro, quando ligava o chuveiro inundava o restante do banheiro. Cheiro estranho no local de refeições e o café da manhã com pouca variedade e insumos de péssima qualidade. ;;;
Melhor que nem tivesse café mas tivesse limpeza. A sorte é que ao lado tem lugares para fazer alimentação. ;;;;;;
"Não recomendo!""";3;;;;;
27 de março de 2023;Excepcional;Café da manhã ótimo, funcionários maravilhosos, localização muito boa.;Nada;10;;
27 de março de 2023;show de bola!;Excelente , custo benefício maravilhoso.;;;;
Café; localização;" atendimento.....""";Nada a reclamar;10;;
23 de março de 2023;Pessoal, se atentem ao básico que uma acomodação precisa entregar para o hóspede.;o atendimento dos funcionários foi bem cordial;Ao chegar no quarto do hotel, o chão do banheiro estava todo molhado. Existe algum vazamento no banheiro que deixa ele simplesmente alagado, o que não tem como corrigir em minutos. É um vazamento que necessita de reparo. Acho pouco provável o estabelecimento não ter conhecimento deste problema.;;;
Tive dificuldade TODAS as vezes de acessar a porta do quarto. A maçaneta estava com problema.;;;;;;
Ou seja;" permite estadia em uma acomodação que não está preparada para receber hóspedes.""";1;;;;
23 de março de 2023;Excepcional;Localização é excelente.;;;;
"Café muito bom""";Chuveiro muito fraco ;;;;;
"Pouca vaga de estacionamento.""";10;;;;;
16 de março de 2023;Satisfatório;localização;o chuveiro gotejava armários antigos precisando de alguns ajustes;6;;
14 de março de 2023;hotel com diária barata, mas o quarto em que fiquei pede uma pintura nova.;Café da manhã é bom;;;;
13 de março de 2023;excelente o hotel e seu colaboradores;organização e limpeza;nada;10;;
11 de março de 2023;Tem que fazer muitas melhorias. As fotos do anúncio não é a instalação que fiquei.;Da localização apenas.;Quarto muito pequeno, instalações antigas, a instalação do quarto não condiz com o anúncio ( apenas uma tomada no quarto e longe da cama), funcionários alguns não são Cortez,café da manhã com pouquíssimas variedade e todos os dias serve as mesmas coisas.;;;
As camas não achei confortável pois são colchões de molas pra quem tem problema de coluna não é confortável (que é o meu caso);" são detalhes que poderia está sendo informado no anúncio.""";5;;;;
5 de março de 2023;não ter restaurante após as 22 hs. sendo que os voos chegam após as 22;chuveiro quente;a porta pra mim não dá muita segurança;6;;
23 de fevereiro de 2023;Não volto mais!;De equipe e o café da manhã era razoável.;O quarto pequeno e do acabamento do mesmo. Tem pouco espaço no quarto e paredes e teto com reboco caindo. As instalações do banheiro precárias, televisão só com canais abertos e sem ser smart.;6;;
17 de fevereiro de 2023;um local q deixa vc se sentir em casa.;do atendimento e dos funcionários muito receptivos;café da manhã só com massas e açúcares, nada saudável para o tempo em q vivemos com várias pessoas doentes, muito simples tbm.;10;;
13 de fevereiro de 2023;Excepcional;Cortesia da equipe. Os quartos reformados são bons;;10;;
10 de fevereiro de 2023;Maravilhosa nota mil;Atendimento maravilhoso. Quartos super limpos e novos. Café da manhã cinco estelas. Recepcionistas muito atenciosos e prontos para lhe ajudar. Amei ..em setembro eu volto de novo a recife e vou ficar aqui . Amei.;Gostei de tudo.;10;;
7 de fevereiro de 2023;Excepcional;Tudo foi bom;Ao chegar não tinha ninguém na recepção e fiquei uns dez minutos na porta do hotel esperando alguém para abrir a porta;10;;
6 de fevereiro de 2023;boa;espaço;cama;6;;
19 de janeiro de 2023;Fujam.;Nada.;Fui apenas para dormir após conexão de voo. Fotos no booking todas “maquiadas”, não condiz com a realidade. Inclusive a foto do banheiro que eles mostram se trata do lavabo da recepção, e não do quarto. Tudo velho e sujo. Tive que me enxugar no banho com uma camiseta minha pq me neguei a usar a toalha, super encardida! eu nunca vi uma toalha tão encardida na minha vida. Nao tinha lençol pra você se cobrir.;4;;
14 de janeiro de 2023;Excepcional;Da localização e do preço. Próximo a praia, de supermercado e farmácia. Boa opção próximo ao aeroporto também.;Poucas tomadas no quarto, somente isso.;10;;
11 de janeiro de 2023;Bom, mas precisa melhorar.;Gostei da localização, instalações e do atendimento dos funcionários.;Faltou água pela manhã justo no momento que precisávamos sair. Geladeira estava com apresentações de mofo. Interfone sem funcionar. Oferecimento apenas de lençóis e não mantas.;6;;
9 de janeiro de 2023;meu lugar favorito ❤️ voltarei sempre .;atendimento ótimo todos muito atenciosos;limpeza , localização. muito perto de tudo que se precisa em uma viagem , barzinho ,banco , restaurante , tudo praticamente na mesma rua e a praia a passos do prédio;10;;
7 de janeiro de 2023;Satisfatório;atendimento dos funcionários.;;6;;
2 de janeiro de 2023;Decepcionado;Atendimento dos funcionários;Acomodação com instalações antigas, banheiro com instalações novas porém a saída de água do chuveiro fraca. Primeiro dia chuveiro em curto elétrico, foi trocado no segundo dia, porém impossível banhar, devido a vazão fraca de água mesmo com a temperatura do chuveiro no mínimo a água ficava muito quente sendo impossível banhar.;6;;
13 de dezembro de 2022;Limpeza péssima!;Banheiros, ducha, Tv, Ar Condicionado;Limpeza péssima, lençóis sujos, fronhas de travesseiro sujos, garrafas pets debaixo da cama, um nojo!!!;2;;
12 de dezembro de 2022;Hotel é honesto pelo preço da diária, recomendo para viagens rápidas de 1 a 2 dias.;Localização e o café da manhã foi ok.;Quarto abafado.;6;;
1º de dezembro de 2022;relevancia;contextualizando: o conjunto completo, quarto bem organizado, funcionários extremamente educados, banheiro adequado e uma vista panorâmica incrível.;Caro Hotel, a rede que estão disponibilizando atualmente, NÃO funciona adequadamente nos quartos, deixando os hóspedes sem acesso aos sistemas operacionais. Repito sempre, para o bom funcionamento da internet o hotel precisa ter os três pilares fundamentais, uma boa infraestrutura, um bom link e um software para gerenciar tudo isso com harmonia, se algum desses itens não funcionar bem, pronto, o caos começa no hotel.;10;;
20 de novembro de 2022;Aceitável;Localização;Limpeza e falta de manutenção;5;;
18 de novembro de 2022;Satisfação total;Hotel simples , mas serviços perfeitos, ótima localização e café da manhã maravilhoso 💯;Somente de não ter secador no quarto;10;;
16 de novembro de 2022;Decepcionante;cama boa;Quarto com vazamento e infiltração na pia e no banheiro, bem como na parede da janela. Mudamos de quarto e aconteceu o mesmo problema;4;;
14 de novembro de 2022;Excepcional;Quarto limpo e confortável. Café da manhã muito bom.;;10;;
14 de novembro de 2022;Ótima;Proximidade de mercado, drogaria, pracinha com feirinha maravilhosa. MC Donald's do lado. Quarto confortável, novo, chuveiro bom, ar condicionado bom. Quarto limpinho, cheiroso. Cama confortável. Café da manhã bom também.;TV sem aplicativos, apenas a cabo e sinal fica falhando.;10;;
5 de novembro de 2022;Satisfatório;localização;banheiro;6;;
20 de outubro de 2022;Aceitável;Localização boa, banheiro bom.;Hotel meio velho precisando de uma reforma. Não tem garagem, apenas 6 vagas de estacionamento no passeio, se sair à noite fica sem vaga.;5;;
17 de outubro de 2022;Hotel sem condições de ter alvará de funcionamento;O café da manhã satisfatório.;Limpeza, móveis quebrado, higiene péssima;4;;
16 de outubro de 2022;Aceitável;Localização;Não gostei do tamanho dos quartos, achei muito pequenos.;;;
O atendimento; recepcionistas sempre de cara fechada; achei péssimo; pedi uma tesoura emprestada pra cortar uma etiqueta de uma roupa me deram uma sem cabo; acreditem...café muito simples;" sempre as mesmas coisas.""";5
9 de outubro de 2022;Apertada!;Atendimento atencioso!;o espaço do quarto!;4;;
9 de outubro de 2022;Custo Benefício não satisfatório e não recomendável;Gostei da localização, de disponibilidade de vaga para carro encima da calçada e um bom café da manhã;Começando por não haver serviço de ajudar com malas, em seguida de ter de pagar antes de receber as chaves. Acho desconfortante.;;;
Depois o valor cobrado apesar de não ser abusivo; não condiz com a qualidade do quarto.;;;;;
O quarto triplo cabia 3 camas grudadas uma na outra. A cama do canto da janela tinha um armário bem velho em frente com espaço entre ambos ínfimo. A cama do meio tinha a frente uma mesa de cabeceira com o interfone; ou seja; espaço ínfimo. Não havia tomada no quarto para uso do hóspede; só no banheiro. O frigobar não tinha nem água. ;;;
O box estava com vazamento de água considerável. Os colchões não eram confortáveis. Concluindo; quarto pequeno;" móveis antigos e sem decoração.""";5;;;
3 de outubro de 2022;Bom, mas pode melhorar.;Localização e preço.;Chuveiro com pouquíssima água, a opção era tomar banho com água fervendo ou fria. Sem meio termo. O quarto tb não dispõe de interfone.;6;;
1º de outubro de 2022;Satisfatório;Localização;Elevador, quarto, cama casal, banheiro;6;;
25 de setembro de 2022;Excepcional;A localização é muito boa;Os móveis são um pouco antigos;10;;
22 de setembro de 2022;bom custo benefício , porém, wi-fi não existe nos apartamentos;Ótimo, destaque para o atendimento.;Não há sinal de wi-fi nos apartamentos sendo assim fica impossível trabalhar no Hotel.;4;;
16 de setembro de 2022;Ruim;;Do quarto que eu estava dava para escutar todo o barulho do hotel.;3;;
13 de setembro de 2022;valeu apenas pela localização do hotel;Apenas o ar condicionado que era excelente;quarto muito pequeno para uma cama de solteiro e uma de casal, instalações do banheiro péssima, chuveiro e torneira ficavam pingando, lixeira do banheiro em péssimas condições. luminária não funcionava, não tinha tomadas perto da cama, acústica do quarto ruim. Café da manhã fraco, sem muitas opções de frutas, sucos e pães.;3;;
7 de setembro de 2022;Péssimo;De nada tudo diferente das fotos caríssimo para o oferece.;Péssimo local quarto apertado disponha de uma tomada somente e estava ligado o frigobar que por sinal não tinha nada dentro camas desconfortáveis caro para o que oferece.;1;;
6 de setembro de 2022;Excepcional;Tudo limpo, café da manhã muito bom, funcionários prestativos e de fácil comunicação. Recomendo.;;10;;
5 de setembro de 2022;Não condiz com as fotos;;Não condiz com as fotos;2;;
2 de setembro de 2022;Satisfatório;localização;Prédio antigo, elevador precário;6;;
25 de agosto de 2022;Bonzinho;Otimo;;6;;
23 de agosto de 2022;Decepcionante;LOCAL;CAFÉ, BANHEIRO, SEGURANÇA, ELEVADOR...;4;;
14 de agosto de 2022;Não foi satisfatorio!!;Vindo de Porto das Galinhas, peguei o hotel só para descansar, ia pegar avião as 23 horas.;;;;
Atendimento bom do recepcionista ; o quarto é pequeno;" e não conseguí descansar devido uma furadeira a tarde toda.""";Quarto pequeno e a furadeira incomodando a tarde toda.;6;;
5 de agosto de 2022;otima estadia;Atendimento muito bom;nada a reclamar;10;;
1º de agosto de 2022;Mais ou menos;Wi-Fi, camas, ar condicionado, café da manhã.;Levei choque duas vezes no chuveiro e me mudaram pra um quadro que o banheiro não era tão bom, a cama de casal é muito pequena;5;;
20 de julho de 2022;Não se enganem pelas fotos!;Da localização e limpeza.;Café da manhã ruim.;;;
Recepção vazia várias vezes. ;;;;;;
"Quarto com paredes mal cuidadas.""";3;;;;;
20 de julho de 2022;Decepcionante;só salvou o banheiro e o café.;Todo resto.;;;
Hotel antigo; localização ruim;" não parece nada com as fotos colocadas no Booking.com""";4;;;
18 de julho de 2022;Boa;Café da manhã regular, localização boa.;;10;;
18 de julho de 2022;Satisfatório;;quarto mto pequeno;6;;
8 de julho de 2022;Avaliação;Valor;Cheiro de mofo no quarto;;;
Solicitei travesseiro extra ñ tinha;;;;;;
Ñ tinha cobertor;;;;;;
Ramal da portaria ñ funcionava;;;;;;
Controle da tv ñ funcionava;;;;;;
Corredor com barulho;;;;;;
"durante a madrugada""";5;;;;;
21 de junho de 2022;Satisfeita demais!;tudo! impecável;;10;;
5 de junho de 2022;Muito aconchegante!;Tudo muito limpo e aconchegante!;;10;;
29 de maio de 2022;Desagradável;Não tivemos direito ao café;Eu já estava no banheiro para o banho quando percebi que o chuveiro não esquentava minha esposa precisou descer na recepção pra reclamar pq o telefone tbm não estava funcionando.;;;
"Por fim precisamos trocar de quarto o que foi um transtorno pois um dos meus filhos é autista.""";3;;;;;
22 de maio de 2022;fraca.;Não houve pequeno almoço, o preço não estava incluso na diária, portanto não houve desconto na diária.;O apartamento muito apertado e pequeno, a TV com poucos canais disponíveis e apenas canais locais, não interfone no quarto e para conversar com a recepção precisava descer até a recepção. O valor cobrado foi o mesmo de um hotel quatro estrela com o café da manhã e no hotel precisava pagar, o que foi decepcionante.;4;;
12 de maio de 2022;razoável;instalação velha q não condiz com as fotos;velho barulho do elevador no quarto;6;;
28 de abril de 2022;péssima experiência!;não gostei de nada!;tudo péssimo, tanto instalações como Atendimeto.;1;;
22 de abril de 2022;Satisfatório;;tinha muitas camas no quarto e o espaço para se locomover ficou pequeno, colchão de mola é muito desconfortável;6;;
20 de abril de 2022;Satisfatório;Café da manhã;Chuveiro não funcionou;6;;
5 de abril de 2022;Ótimo custo-benefício, porém é uma hospedagem de baixo padrão;Localização e custo-benefício;O quarto é muito pequeno. O café da manhã é muito fraco.;6;;
2 de abril de 2022;Não recomendo.;As acomodações não tem nada a ver com as fotos… O prédio está em reforma…;Banheiro mau lavado. O chuveiro muito ruim. Sai pouquíssima água e a temperatura é banho frio ou fervendo!;6;;
21 de fevereiro de 2023;boa;banheiro;;8;;
20 de janeiro de 2023;Bem razoável;Localização;Quarto pequeno, lençóis bem usados, recepcionista um pouco rude.;7;;
19 de outubro de 2022;Ótima estadia, custo benefício muito bom, funcionários solícitos!;Ótima localização e ótimos funcionários.;Sem comentários ruins.;8;;
18 de setembro de 2022;satisfatória;hotel simples que compensa muito o custo/benefício! ficamos apenas dois dias e só voltamos para o hotel para descanso e atendeu todas as nossas necessidades. não é um hotel de luxo, quartos simples e pequenos com algumas instalações antigas, porém o preço e localização compensam tudo! voltaria a ficar lá sem problemas.;poderiam melhorar renovando algumas acomodações, acredito que já estejam fazendo isso pois o quarto de amigos era reformado! faltaram apenas tomadas perto das camas nos quartos, só tinha disponível a tomada que ficava ligada a tv e o frigobar, tivemos que revezar;7;;
5 de janeiro de 2023;Excepcional;ótima localização, excelente atendimento dos funcionários e um café da manhã maravilhoso!;sem reclamações.;10;;
17 de dezembro de 2022;muito boa;adorei a acomodação, muito aconchegante, perto da praia, além de restaurantes e um ótimo café da manhã;não tenho do que falar, só pontos positivos.;10;;
13 de setembro de 2022;Satisfatório;Ótima localização.;Quarto pequeno para tantas camas. A estante completamente encardida, velha. Em um dos banheiros, cheiro de esgoto e vazamento embaixo da pia, encanamento exposto (bem diferente das fotos). Pedimos uma manta, o atendente disse que não tinha, depois de chamarmos atenção, apareceram com uma manta de outro quarto.;6;;
5 de outubro de 2023;Bom;N/A;N/A;7;;
28 de setembro de 2023;Muito bom;overall is good. Price value, location Usually I stay there;N/A;8;;
12 de junho de 2023;Bom;The facility is fine overall;N/A;7;;
18 de março de 2023;Fantástico;Breakfast was exceptional. Staff didn't speak English but I speak some Portuguese.;;9;;
15 de março de 2023;no comments;no comments;no comments;8;;
29 de novembro de 2022;Amazing Location;Location.;The only thing I would say is TV not smart. But the stay was good anyway.;9;;
9 de outubro de 2022;rooms need improvements;the location.;;;;
"reception staff was fine.""";the room itself;;;;;
couldn’t reach the chair inside the room;;;;;;
no Wi-Fi in the room;;;;;;
mattress was the worst ;;;;;;
"no isolation at all""";4;;;;;
30 de setembro de 2022;;;;6;;
12 de agosto de 2022;Ruim;Breakfast was fine.;Pictures are much better than actual accommodations. No pictures of the expensive reserved room, which had four two-floor beds, were provided. Very disappointed at arrival.;3;;
25 de janeiro de 2025;Basic hotel, good location;A small, basic room. Breakfast was also a basic affair, but adequate. Hotel location was near the seafront promenade. Several eateries, small shops and a large supermarket nearby.;Small room, very basic;6;;
26 de janeiro de 2025;Bom;Cómodo, buen desayuno y personal atento en todos los horarios.;La zona bastante insegura. Si queres salir en la noche te dicen que podes hacer 2 cuadras y que de ahí no te muevas xq es peligroso. ;;;
"Mucha gente durmiendo en las calles y mucha otra pidiendo Plata.""";7;;;;;
14 de fevereiro de 2023;Bien para estancias cortas.;El personal de la recepcion y de la cocina fueron muy atentos y amables. Pude ingresar al cuarto antes del horario del check in. La limpieza en general de la habitacion y los espacions comunes era impecable.;El tamano de la habitacion era muy reducido y es algo que en las fotos no se apreciaba. El bano debia permanecer cerrado ya que emanaba un olor muy fuerte y desagradable por el desague. Alguien del personal de limpieza ingreso a mi habitacion probablemente por un error de comunicacion interna. Yo justo estaba saliendo de la ducha y fue bastante incomodo ya que aun no me habia cambiado y no esperaba que alguien entrara en el cuarto menos sin tocar la puerta. Me parecio que quizas por el mismo dinero o una pequena diferencia se puede acceder a un hotel de mejor categoria.;8;;
29 de julho de 2022;Hotel económico y con buena calidad;La calidad del hotel es muy buena para un precio módico. Limpieza excelente. Desayuno muy bueno y amabilidad del personal también destacan. La ubicación también es buena, cerca de la playa, lugares para comer y habilitado también para que te recojan tours para ir a las playas más al sur.;No tenían secador de pelo en la recepción. Cuando llegué de la playa en la noche me quería secar el cabello. Un detalle que seguro podrían mejorar.;8;;
2 de dezembro de 2024;Hotel 2 estrellas normal;El desayuno.;;;;
"La ubicación está muy buena.""";La habitación super pequeña, mucho más chica de lo que se ve en las fotos.;;;;;
La mala predisposición de los empleados; solo las chicas de la cocina eran simpáticas.;;;;;
No te dan ni un sobrecito de shampoo.;;;;;;
No tienen cuarto para guardar equipaje; lo que dificulta si tu vuelo es a la tarde y tenes un rato para pasear después del check out.;;;;;
Igual un dato..por suerte en nuestro caso lo resolvimos dejando el equipaje guardado en el Shopping Recife;" paseamos ahí hasta la tarde y no nos cobraron.""";4;;;;
13 de junho de 2024;Satisfatório;Sehr hellhörig;;6;;
15 de janeiro de 2024;No volveré;El personal y las camas muy cómodas. Las mujeres que preparan el desayuno muy amables, destacadas y el desayuno rico.;El olor feo que hay en el baño es impresionante. Hay olor a baño público, olor a orina. Horrible. No se puede regular el agua fría y caliente. Es O fría O caliente.;;;
Está cerca de muchas cosas; pero también está en una zona fea; con personas durmiendo en la calle y frente a unas piscinas naturales donde te recomiendan no meterse por los tiburones. ;;;;
"No volveré.""";6;;;;;
9 de março de 2023;Ruim;Niente;Tutto;3;;
3 de junho de 2022;Aceptable para estar de paso;Lo bueno es la cercanía a la playa para caminar y para ir al aeropuerto. Es céntrico y está cerca del shopping y de comercios.;El ascensor no funcionaba y tuvimos que subir con valijas por escalera porque había un desperfecto. Estaba en obras y habia obreros trabajando cerca de la ventana del cuarto. Y el baño poco que ver con la foto. Pedimos para calentar agua y ni una jarra electrica había, el señor de la noche nos ofreció un microondas. Para estar unas horas esa habitación fue suficiente pero creo que cara para lo que tiene.;6;;
30 de abril de 2022;Excelente;todo;todo bien;10;;
28 de março de 2025;Bom;;;7;;
24 de março de 2025;Muito bom;;;8;;
24 de março de 2025;Bom;;;7;;
24 de março de 2025;Muito bom;;;8;;
23 de março de 2025;Fantástico;;;9;;
16 de março de 2025;Muito bom;;;8;;
8 de março de 2025;Muito bom;;;8;;
1º de março de 2025;Bom;;;7;;
1º de março de 2025;Muito bom;;;8;;
1º de março de 2025;Bom;;;7;;
25 de fevereiro de 2025;Fantástico;;;9;;
17 de fevereiro de 2025;Bom;;;7;;
26 de janeiro de 2025;Bom;;;7;;
15 de janeiro de 2025;Bom;;;7;;
12 de janeiro de 2025;Fantástico;;;9;;
8 de janeiro de 2025;Bom;;;7;;
8 de janeiro de 2025;Fantástico;;;9;;
4 de janeiro de 2025;Bom;;;7;;
2 de janeiro de 2025;Muito bom;;;8;;
26 de dezembro de 2024;Bom;;;7;;
20 de dezembro de 2024;Muito bom;;;8;;
17 de dezembro de 2024;Bom;;;7;;
16 de dezembro de 2024;Fantástico;;;9;;
7 de dezembro de 2024;Muito bom;;;8;;
3 de dezembro de 2024;Fantástico;;;9;;
28 de novembro de 2024;Muito bom;;;8;;
24 de novembro de 2024;Muito bom;;;8;;
24 de novembro de 2024;Bom;;;7;;
20 de novembro de 2024;Muito bom;;;8;;
19 de novembro de 2024;Muito bom;;;8;;
18 de novembro de 2024;Fantástico;;;9;;
17 de novembro de 2024;Muito bom;;;8;;
15 de novembro de 2024;Muito bom;;;8;;
11 de novembro de 2024;Fantástico;;;9;;
10 de novembro de 2024;Muito bom;;;8;;
31 de outubro de 2024;Muito bom;;;8;;
21 de outubro de 2024;Hotel correto;;;7;;
6 de outubro de 2024;Fantástico;;;9;;
5 de outubro de 2024;Bom;;;7;;
26 de setembro de 2024;Muito bom;;;8;;
23 de setembro de 2024;Bom;;;7;;
18 de setembro de 2024;Fiquei apenas uma noite, mas achei bem tranquila, local de fácil acesso.;;;9;;
22 de agosto de 2024;Bom;;;7;;
8 de julho de 2024;Muito bom;;;8;;
1º de julho de 2024;Bom;;;7;;
28 de junho de 2024;Muito bom;;;8;;
4 de junho de 2024;Muito bom;;;8;;
30 de maio de 2024;Fantástico;;;9;;
24 de abril de 2024;Bom;;;7;;
14 de abril de 2024;Muito bom;;;8;;
12 de abril de 2024;Fantástico;;;9;;
9 de abril de 2024;Fantástico;;;9;;
20 de março de 2024;Bom;;;7;;
20 de março de 2024;Fantástico;;;9;;
4 de março de 2024;Muito bom;;;8;;
27 de fevereiro de 2024;Bom;;;7;;
7 de fevereiro de 2024;Bom;;;7;;
5 de fevereiro de 2024;Bom;;;7;;
30 de janeiro de 2024;Bom;;;7;;
21 de janeiro de 2024;Fantástico;;;9;;
13 de janeiro de 2024;Muito bom;;;8;;
13 de janeiro de 2024;Muito bom;;;8;;
8 de janeiro de 2024;Bom;;;7;;
8 de janeiro de 2024;Muito bom;;;8;;
5 de janeiro de 2024;Fantástico;;;9;;
31 de dezembro de 2023;Bom;;;7;;
30 de dezembro de 2023;Fantástico;;;9;;
18 de dezembro de 2023;Muito bom;;;8;;
1º de dezembro de 2023;Fantástico;;;9;;
25 de novembro de 2023;Muito bom;;;8;;
18 de novembro de 2023;Fantástico;;;9;;
7 de novembro de 2023;Muito bom;;;8;;
2 de novembro de 2023;Bom;;;7;;
30 de outubro de 2023;Muito bom;;;8;;
29 de outubro de 2023;Muito bom;;;8;;
21 de outubro de 2023;Muito bom;;;8;;
18 de outubro de 2023;Bom;;;7;;
3 de outubro de 2023;Fantástico;;;9;;
1º de outubro de 2023;Muito bom;;;8;;
28 de setembro de 2023;Muito bom;;;8;;
2 de setembro de 2023;Bom;;;7;;
28 de agosto de 2023;Muito bom;;;8;;
10 de agosto de 2023;Muito bom;;;8;;
10 de agosto de 2023;Muito bom;;;8;;
14 de junho de 2023;Muito bom;;;8;;
11 de junho de 2023;Muito bom;;;8;;
29 de maio de 2023;Muito bom;;;8;;
6 de maio de 2023;Muito bom;;;8;;
23 de abril de 2023;Muito bom;;;8;;
13 de abril de 2023;Fantástico;;;9;;
8 de abril de 2023;Muito bom;;;8;;
6 de abril de 2023;Bom;;;7;;
30 de março de 2023;Muito bom;;;8;;
28 de março de 2023;Muito bom;;;8;;
26 de março de 2023;Muito bom;;;8;;
23 de março de 2023;Muito bom;;;8;;
22 de março de 2023;Bom;;;7;;
20 de março de 2023;Fantástico;;;9;;
16 de março de 2023;Muito bom;;;8;;
11 de março de 2023;Muito bom;;;8;;
8 de março de 2023;Muito bom;;;8;;
4 de março de 2023;Muito bom;;;8;;
28 de fevereiro de 2023;Bom;;;7;;
14 de fevereiro de 2023;Muito bom;;;8;;
13 de fevereiro de 2023;Fantástico;;;9;;
13 de fevereiro de 2023;Bom;;;7;;
12 de fevereiro de 2023;Bom;;;7;;
10 de fevereiro de 2023;Muito bom;;;8;;
9 de fevereiro de 2023;Fantástico;;;9;;
6 de fevereiro de 2023;Bom;;;7;;
2 de fevereiro de 2023;Bom;;;7;;
28 de janeiro de 2023;Muito bom;;;8;;
27 de janeiro de 2023;Fantástico;;;9;;
25 de janeiro de 2023;Muito bom;;;8;;
24 de janeiro de 2023;Muito bom;;;8;;
21 de janeiro de 2023;Muito bom;;;8;;
19 de janeiro de 2023;Muito bom;;;8;;
17 de janeiro de 2023;Muito bom;;;8;;
16 de janeiro de 2023;Muito bom;;;8;;
16 de janeiro de 2023;Fantástico;;;9;;
14 de janeiro de 2023;Bom;;;7;;
14 de janeiro de 2023;Bom;;;7;;
7 de janeiro de 2023;Muito bom;;;8;;
7 de janeiro de 2023;Muito bom;;;8;;
5 de janeiro de 2023;Fantástico;;;9;;
4 de janeiro de 2023;Bom;;;7;;
1º de janeiro de 2023;Bom;;;7;;
11 de dezembro de 2022;Bom;;;7;;
20 de novembro de 2022;Bom;;;7;;
15 de novembro de 2022;Bom;;;7;;
29 de outubro de 2022;Fantástico;;;9;;
28 de outubro de 2022;Bom;;;7;;
26 de outubro de 2022;Fantástico;;;9;;
25 de outubro de 2022;Bom;;;7;;
25 de outubro de 2022;Bom;;;7;;
25 de outubro de 2022;Bom;;;7;;
19 de outubro de 2022;Muito bom;;;8;;
19 de outubro de 2022;Muito bom;;;8;;
17 de outubro de 2022;Muito bom;;;8;;
16 de outubro de 2022;Muito bom;;;8;;
11 de outubro de 2022;Muito bom;;;8;;
8 de outubro de 2022;Muito bom;;;8;;
28 de setembro de 2022;Muito bom;;;8;;
21 de setembro de 2022;Bom;;;7;;
21 de setembro de 2022;Muito bom;;;8;;
18 de setembro de 2022;Bom;;;7;;
18 de setembro de 2022;Muito bom;;;8;;
17 de setembro de 2022;Fantástico;;;9;;
16 de setembro de 2022;Fantástico;;;9;;
16 de setembro de 2022;Fantástico;;;9;;
15 de setembro de 2022;Muito bom;;;8;;
15 de setembro de 2022;Muito bom;;;8;;
12 de setembro de 2022;Bom;;;7;;
12 de setembro de 2022;Fantástico;;;9;;
5 de setembro de 2022;Muito bom;;;8;;
31 de agosto de 2022;Fantástico;;;9;;
24 de agosto de 2022;Bom;;;7;;
23 de agosto de 2022;Muito bom;;;8;;
22 de agosto de 2022;Muito bom;;;8;;
15 de agosto de 2022;Bom;;;7;;
9 de agosto de 2022;Bom;;;7;;
9 de agosto de 2022;Bom;;;7;;
8 de agosto de 2022;Bom;;;7;;
1º de agosto de 2022;Bom;;;7;;
18 de julho de 2022;Muito bom;;;8;;
19 de junho de 2022;Muito bom;;;8;;
16 de junho de 2022;Bom;;;7;;
11 de junho de 2022;Fantástico;;;9;;
11 de junho de 2022;Muito bom;;;8;;
20 de maio de 2022;Bom;;;7;;
19 de maio de 2022;Muito bom;;;8;;
30 de abril de 2022;Muito bom;;;8;;
11 de abril de 2022;Muito bom;;;8;;
3 de abril de 2022;Bom;;;7;;
20 de março de 2025;Excepcional;;;10;;
13 de março de 2025;Aceitável;;;5;;
5 de março de 2025;Péssimo;;;1;;
21 de fevereiro de 2025;Excepcional;;;10;;
11 de fevereiro de 2025;Excepcional;;;10;;
11 de fevereiro de 2025;Excepcional;;;10;;
11 de fevereiro de 2025;Excepcional;;;10;;
11 de fevereiro de 2025;Excepcional;;;10;;
6 de fevereiro de 2025;Satisfatório;;;6;;
2 de fevereiro de 2025;Excepcional;;;10;;
1º de fevereiro de 2025;Excepcional;;;10;;
24 de janeiro de 2025;Excepcional;;;10;;
23 de janeiro de 2025;Satisfatório;;;6;;
18 de janeiro de 2025;Excepcional;;;10;;
17 de janeiro de 2025;Excepcional;;;10;;
17 de janeiro de 2025;Excepcional;;;10;;
15 de janeiro de 2025;Excepcional;;;10;;
11 de janeiro de 2025;Excepcional;;;10;;
11 de janeiro de 2025;Excepcional;;;10;;
9 de janeiro de 2025;Excepcional;;;10;;
8 de janeiro de 2025;Excepcional;;;10;;
27 de dezembro de 2024;Excepcional;;;10;;
25 de dezembro de 2024;Excepcional;;;10;;
17 de dezembro de 2024;Satisfatório;;;6;;
14 de novembro de 2024;Satisfatório;;;6;;
2 de novembro de 2024;Excepcional;;;10;;
2 de novembro de 2024;Satisfatório;;;6;;
19 de outubro de 2024;ótimo localização;;;10;;
17 de outubro de 2024;Excepcional;;;10;;
15 de outubro de 2024;Satisfatório;;;6;;
10 de outubro de 2024;Excepcional;;;10;;
30 de setembro de 2024;Excepcional;;;10;;
30 de setembro de 2024;Excepcional;;;10;;
25 de setembro de 2024;Excepcional;;;10;;
31 de agosto de 2024;Satisfatório;;;6;;
29 de agosto de 2024;Excepcional;;;10;;
26 de agosto de 2024;Muito ruim;;;2;;
28 de julho de 2024;Excepcional;;;10;;
25 de julho de 2024;Excepcional;;;10;;
15 de julho de 2024;Satisfatório;;;6;;
4 de julho de 2024;Excepcional;;;10;;
2 de junho de 2024;Excepcional;;;10;;
31 de maio de 2024;Excepcional;;;10;;
10 de maio de 2024;Excepcional;;;10;;
9 de maio de 2024;Excepcional;;;10;;
2 de maio de 2024;Excepcional;;;10;;
16 de abril de 2024;Excepcional;;;10;;
20 de março de 2024;Excepcional;;;10;;
18 de março de 2024;Excepcional;;;10;;
16 de março de 2024;Excepcional;;;10;;
9 de março de 2024;Satisfatório;;;6;;
7 de março de 2024;Excepcional;;;10;;
3 de março de 2024;Aceitável;;;5;;
28 de fevereiro de 2024;Excepcional;;;10;;
22 de fevereiro de 2024;Satisfatório;;;6;;
15 de fevereiro de 2024;Excepcional;;;10;;
4 de fevereiro de 2024;Excepcional;;;10;;
21 de janeiro de 2024;Excepcional;;;10;;
12 de dezembro de 2023;Aceitável;;;5;;
30 de novembro de 2023;Ruim;;;3;;
30 de novembro de 2023;Decepcionante;;;4;;
28 de novembro de 2023;Aceitável;;;5;;
23 de outubro de 2023;Satisfatório;;;6;;
19 de outubro de 2023;Excepcional;;;10;;
8 de outubro de 2023;Decepcionante;;;4;;
19 de setembro de 2023;Excepcional;;;10;;
12 de setembro de 2023;Excepcional;;;10;;
20 de agosto de 2023;Hotel com uma boa localização, e frete a farmácia bem próximo ao Supermercado. Menos de 5 minutos da praia de Boa viagem;;;10;;
16 de agosto de 2023;Excepcional;;;10;;
16 de agosto de 2023;Decepcionante;;;4;;
22 de julho de 2023;Excepcional;;;10;;
19 de junho de 2023;Aceitável;;;5;;
7 de junho de 2023;Excepcional;;;10;;
31 de maio de 2023;Excepcional;;;10;;
26 de maio de 2023;Excepcional;;;10;;
23 de maio de 2023;Excepcional;;;10;;
16 de maio de 2023;Excepcional;;;10;;
22 de abril de 2023;Péssimo;;;1;;
10 de abril de 2023;Excepcional;;;10;;
7 de abril de 2023;Excepcional;;;10;;
28 de março de 2023;Satisfatório;;;6;;
21 de março de 2023;Excepcional;;;10;;
18 de março de 2023;Muito ruim;;;2;;
16 de março de 2023;Satisfatório;;;6;;
9 de março de 2023;Satisfatório;;;6;;
28 de fevereiro de 2023;Excepcional;;;10;;
23 de fevereiro de 2023;Satisfatório;;;6;;
22 de fevereiro de 2023;Excepcional;;;10;;
22 de fevereiro de 2023;Excepcional;;;10;;
18 de fevereiro de 2023;Satisfatório;;;6;;
15 de fevereiro de 2023;Aceitável;;;5;;
15 de fevereiro de 2023;Excepcional;;;10;;
14 de fevereiro de 2023;Excepcional;;;10;;
14 de fevereiro de 2023;Excepcional;;;10;;
13 de fevereiro de 2023;Satisfatório;;;6;;
12 de fevereiro de 2023;Satisfatório;;;6;;
9 de fevereiro de 2023;Excepcional;;;10;;
3 de fevereiro de 2023;Satisfatório;;;6;;
21 de janeiro de 2023;Excepcional;;;10;;
19 de janeiro de 2023;Excepcional;;;10;;
15 de janeiro de 2023;Aceitável;;;5;;
14 de janeiro de 2023;Excepcional;;;10;;
8 de janeiro de 2023;Péssimo;;;1;;
7 de janeiro de 2023;Satisfatório;;;6;;
5 de janeiro de 2023;Aceitável;;;5;;
28 de dezembro de 2022;Excepcional;;;10;;
25 de dezembro de 2022;Excepcional;;;10;;
1º de dezembro de 2022;Muito ruim;;;2;;
27 de novembro de 2022;Decepcionante;;;4;;
21 de novembro de 2022;Aceitável;;;5;;
18 de novembro de 2022;Satisfatório;;;6;;
15 de novembro de 2022;Decepcionante;;;4;;
8 de novembro de 2022;Decepcionante;;;4;;
24 de outubro de 2022;Satisfatório;;;6;;
23 de outubro de 2022;Excepcional;;;10;;
9 de outubro de 2022;Excepcional;;;10;;
3 de outubro de 2022;Excepcional;;;10;;
28 de setembro de 2022;Ruim;;;3;;
25 de setembro de 2022;Satisfatório;;;6;;
22 de setembro de 2022;Excepcional;;;10;;
11 de setembro de 2022;Excepcional;;;10;;
3 de setembro de 2022;Péssimo;;;1;;
3 de setembro de 2022;Muito ruim;;;2;;
1º de setembro de 2022;Excepcional;;;10;;
23 de agosto de 2022;Excepcional;;;10;;
23 de agosto de 2022;Excepcional;;;10;;
15 de agosto de 2022;Satisfatório;;;6;;
12 de agosto de 2022;Excepcional;;;10;;
10 de agosto de 2022;Aceitável;;;5;;
8 de agosto de 2022;Muito ruim;;;2;;
7 de agosto de 2022;Excepcional;;;10;;
5 de agosto de 2022;Satisfatório;;;6;;
23 de julho de 2022;Excepcional;;;10;;
21 de julho de 2022;Excepcional;;;10;;
17 de julho de 2022;Excepcional;;;10;;
10 de julho de 2022;Satisfatório;;;6;;
10 de julho de 2022;Satisfatório;;;6;;
30 de junho de 2022;Satisfatório;;;6;;
30 de junho de 2022;Ruim;;;3;;
20 de junho de 2022;Excepcional;;;10;;
18 de maio de 2022;Decepcionante;;;4;;
6 de abril de 2022;Satisfatório;;;6;;
3 de dezembro de 2023;Bom;;;7;;
14 de junho de 2023;Muito bom;;;8;;
14 de abril de 2022;Bom;;;7;;
25 de novembro de 2023;Excepcional;;;10;;
4 de novembro de 2023;Excepcional;;;10;;
6 de janeiro de 2023;Excepcional;;;10;;
17 de março de 2025;Bom;;;7;;
9 de fevereiro de 2025;Muito bom;;;8;;
22 de julho de 2024;Fantástico;;;9;;
4 de julho de 2024;Muito bom;;;8;;
9 de agosto de 2023;Bom;;;7;;
1º de junho de 2023;Bom;;;7;;
2 de abril de 2023;Muito bom;;;8;;
27 de janeiro de 2023;Bom;;;7;;
5 de janeiro de 2023;Bom;;;7;;
20 de dezembro de 2022;Bom;;;7;;
28 de outubro de 2022;Muito bom;;;8;;
26 de agosto de 2022;Muito bom;;;8;;
25 de dezembro de 2024;Decepcionante;;;4;;
30 de setembro de 2024;Excepcional;;;10;;
23 de novembro de 2023;Excepcional;;;10;;
3 de fevereiro de 2025;Muito bom;;;8;;
27 de julho de 2023;Excepcional;;;10;;
26 de dezembro de 2022;Satisfatório;;;6;;
