data_avaliacao;titulo;comentario_positivo;comentario_negativo;nota
26 de dezembro de 2024;Excepcional;Ótima localização, quartos amplos e com boa cama. O café da manhã é muito bom!;Box do banheiro é muito pequeno;10
17 de março de 2025;Precisa melhorar a qualidade;Localização e atendimento na recepção;"Faltou toalha no quarto e a moça que foi entregar as toalhas, acredito que não confiou na nossa informação já que pediu pra entrar no apartamento e colocar as toalhas e eu até perguntei pra ela: ""certificou que de fato não tinha toalha?"" e ela respondeu afirmativamente que de fato não tinha. ";
Outra coisa: o segurança meio rude; tratamento com indiferença.;;;
"Nos colocou num quarto com cama separadas embora soubesse que éramos um casal.""";6;;;
3 de março de 2025;Muito bom;Quarto bem espaçoso com colchão, travesseiros e TV muito bons. Excelente localização.;Hotel precisa de uma reforma, piso e paredes gastos, meu quarto estava com cheiro de mofo. O restaurante é pequeno.;8
18 de fevereiro de 2025;Foi muito boa.;A cama era bastante confortável, quarto limpo e espaçoso, chuveiro ótimo.;Quarto sem vista para a praia, café da manhã num espaço escondido, sem vista e com poucas opções de comida.;8
20 de janeiro de 2025;Bom;Localização. Praia do lado, padaria, restaurante, carrefour, cama, travesseiro e ar-condicionado. Internet excelente. Café solúvel, chá e chaleira elétrica cortesia no quarto.;Mal cuidado. Café simples pelo valor da diária (possível pedir tapioca, omelete, ovo pra fazer). Mesa do quarto quase caindo. Portas, portais com frestas. Senti falta da trava de segurança extra nas portas dos quartos. Elevador demorado, pequeno. Chuveiro entupido. Som da praia/bares até umas 19h.;7
19 de janeiro de 2025;Bom;Gostei do atendimento dos funcionários e do quarto.;Café da manhã.;7
5 de janeiro de 2025;Muito bom;Excelente localização, flexibilidade para check-in e check-out, atendimento dos funcionários, bom café da manhã,;Custo elevado, a limpeza deixa a desejar.;8
27 de dezembro de 2024;Bom;Gostei do hotel. O imovel e muito antigo, as garagens apertadas e o valor da agua mineral R$ 14,00 muito elevado sem falar que não vi tabela de preços no quarto.;;7
27 de dezembro de 2024;Deixa MUITO a desejar. A rede accor não deveria associar seu nome a uma estrutura dessa. O prédio todo precisa de reform;Para-te interna dos quartos está bem boa;A parte externa do hotel é horrível!!! Garagem caindo aos pedaços, corredores decrépitos…. Portas lascadas, paredes arrebentadas, sujas… chão manchado… o restaurante tem um aspecto feio, seboso…. Todas as portas tronchas. Parece que o hotel sofreu uma inundação e estamos usando após a água baixar….;6
18 de novembro de 2024;Satisfatório;;Desde a recepção do estacionamento já foi ruim. Entendo que estava lotado, mas todos mau humorados. Recepção não nos passou os telefones úteis, ou horário de funcionamento do restaurante nem academia. No apartamento não tinha informações sobre valores do frigobar, nem as informações sobre os telefones dos outros setores. A descarga do banheiro não parava de escorrer, fazendo bastante barulho durante o dia. O café da manhã foi caótico. Usamos do serviço, pois já estava incluso na nossa diária. Faltava reposição dos itens, de pratos, talheres, absolutamente tudo. Qualidade da comida deixava a desejar, com exceção do pão francês e da tortinha de limão. A diária foi bem alta pra receber esse tipo de serviço, ainda mais pra uma rede do porte da Accor.;6
18 de novembro de 2024;Bom;Café da manhã bom.;Precisam melhor o hotel para fazer jus à bandeira Mercure. Há um aviso de reforma há muito tempo, mas não vemos os resultados (já me hospedei lá outras vezes).;7
18 de novembro de 2024;Suficiente;Preço;Tamanho e garagem;7
11 de novembro de 2024;Muito bom;Localização;Café da manhã pouco variado e custo não compensa. Hotel em reforma e em pintura. Tive q pedir alteração do quarto pois o cheiro da pintura incomodava;8
4 de outubro de 2024;Bom;Localizacao;Eatavam em obras;7
20 de julho de 2024;Muito bom;Da localização, da praticidade da recepção e do estacionamento.;O black-out das janelas não é tão bom. Então, a gente acorda cedo com a luz solar.;8
10 de julho de 2024;Regular;Quarto amplo;O hotel está muito deteriorado. As instalações precisam melhorar.;7
18 de junho de 2024;Bom;Localização;Hotel precisando de manutenção.;7
17 de junho de 2024;Foi boa e agradável. Eu já conhecia o hotel.;O café da manhã tem custo alto e é relativamente simples.;Do café da manhã;8
27 de maio de 2024;Espera-se mais de um Mercure.;A localização é muito boa.;Não é um hotel digno da bandeira Mercure. Está bastante deteriorado. E não é de hoje.;6
24 de maio de 2024;Satisfação;Localização;Nada;8
8 de abril de 2024;Bia. Voltaria se preciso for;Bom café da manhã;;7
6 de abril de 2024;Pelo preço poderia ser melhor. Precisa de uma reforma;A localização é ótima;O quarto estava muito destruído. Piso soltando e infiltração em algumas paredes;6
19 de março de 2024;Para passar alguns dias próximo da praia a um preço razoável e com conforto, recomenda-se.;Localização incrível. Staff simpática. Confortável. Limpo. Quarto extremamente espaçoso.;As fotografias mostravam vista mar, e infelizmente isso não aconteceu. Fomos induzidos em erro. Foi-nos dito que apenas um pequeno número de habitações têm vista mar, e somente mediante disponibilidade é possível lá ficar.;
As fotografias também mostravam um sofá no quarto;" o que frustrantemente também não se verificou.""";7;;
14 de fevereiro de 2024;Bom;Localização boa, fácil acesso as regiões centrais e a praia!;Limpeza ruim, instalações muito velhas e cama desconfortável!;7
8 de fevereiro de 2024;Boa;Serviço do Hotel e atendimento é bom, porém os horários de atendimento é um pouco limitado.;A estrutura do quarto estava bem desgastada a mesa de escritório estava danificada e a estrutura dela estava meio bamba, consegui utilizar para coisas rápidas.;6
21 de janeiro de 2024;Normal;Chuveiro;Banheiro enche;8
15 de janeiro de 2024;Já vim várias vezes e virei outras tantas;Quarto amplo, localização excelente, banho abundante;Ainda em reformas , há muito tempo ! Muito barulho , café da manhã regular , mas saboroso;7
15 de janeiro de 2024;Mediana;Vista para o mar, roupa de cama ok staff lerdo porém atencioso;Tive q pedir para trocar o qto, chão estava todo lascado … corredor dos quartos bem;
Sujo e decadente . Segundo qto ok mas torneira soltava o acabamento cada vez q abria… Da p ver nitidamente que fizeram uma reforma meia boca ! Uma pena pois tem potencial;" falta uma boa administração. Decepcionante para uma rede internacional…""";7;;
10 de janeiro de 2024;Muito bom;Café da manhã muito bom. Localização também.;O wifi muito ruim. Algumas partes do piso estavam soltando.;8
10 de janeiro de 2024;olha só fui conhecer Recife, maravilha e o hotel fica proximo a praia recomendo.;café ótimo....;não gostei que o valor era pra duas pessoas e acabei indo só e não quizeram dar um desconto;8
5 de janeiro de 2024;Valeu a pena.;Localização, café da manhã e cama.;Piscina pequena e mal localizada.;8
12 de dezembro de 2023;Nem parece Rede Mercury;Vista e localizacao;Prédio velho, elevador com defeito, pintura e reboco caindo, até a impressora da recepção com defeito. Não representa a bandeira Mercury;7
11 de dezembro de 2023;Bom;Espaço da suíte, Amenities, limpeza;Paleta do ar condicionando com defeito, venta muito na área da piscina e cheira a gordura, pois, os exaustores estão do lado da mesma não tive o relaxamento que gostaria.;8
26 de novembro de 2023;Suficiente;Localização;Burocracia;7
15 de novembro de 2023;Suficiente;Limpeza;Elevador quebrado, hotel com pouca disponibilidade de serviços;6
14 de novembro de 2023;Muito bom;Localização;Esperava mais por ser Mercure. Mas valeu.;8
30 de outubro de 2023;Satisfatória;Graças ao recepcionista Evódio minha permanência ficou mais agradável. Ele conseguiu um quarto com vista para o mar no 17*andar.;As condições do prédio e apartamentos não estão boas. As janelas não fecham corretamente, os vidros perderam as fixações. Fica evidente a necessidade de reforma geral. A estrutura e localização são muito boas. Os funcionários são muitos educados e solícitos, atendendo rapidamente e com carinho.;7
16 de outubro de 2023;Uma estadia okey para uma passagem em Recife;Hotel com bom preço na praia de boa viagem e extremamente perto da praia. Os quartos são bem grandes e confortáveis. Cortinas balckout excelentes e um chuveiro realmente muito bom!;O hotel está bem velho então algumas partes do hotel estão com uma cara bem decaída. Pintura, janelas, parte de alguns móveis. A limpeza dos espaços compensa, mas mesmo assim a manutenção poderia ser melhor.;7
13 de outubro de 2023;Suficiente;Limpeza;Comodidade;7
9 de outubro de 2023;Confortável, simples e sem ruidos de vizinhos.;Qto grande e com boa acústica. Estacionamento gratuito e prático.;Porta e chuveiro barulhentos,;8
7 de outubro de 2023;Boa para o propósito que tínhamos de compromisso, hotel X bandeira Mercury não condiz com o predio;Café da manhã limitado , demorado a reposição, parecia que algo estava ainda por fazer;Quartos , corredor prédio em si em reforma com aspecto antigo que bonito em algumas alas mas mal tratados desde jardins com restos de materiais , com pó por tds os lugares , quarto antigo, piso sujo percebido ao andarmos descalço e colchão velho cedendo e baixo. Peças da decoração como forro em madeira nas paredes, móveis e rodapé descolando com partes quebradas e portas com desgaste alto dando a impressão de velha, frágil e muitooo usada . Corredores em reforma com aspecto de maltratado. Infelizmente muitas peças boas de mármore, mas mal cuidado.;7
6 de outubro de 2023;A localização é boa.;A localização do hotel é boa, cama do quarto confortável e a decoração do quarto muito bonita.;A cortina não isolou a claridade do quarto, ficou claro logo que amanheceu. ;
O café da manhã não tinha muitas opções se comparado com outros hotéis da rede.;;;;
Tivemos problema com a fechadura do quarto duas vezes.;;;;
Não possuía telefone no quarto (se tinha estava muito bem escondido rs);" caso quisesse algum contato na recepção tinha que ir lá.""";6;;
2 de outubro de 2023;Muito bom;;Apartamento velho;8
17 de setembro de 2023;Suficiente;Limpeza;Hotel sem muitos atributos;8
4 de agosto de 2023;Foi legal.;Localização e atendimento.;Não atenderam o meu pedido de ficar no quarto com vista para o mar. ;
Chuveiro pingando;" incomodava durante a noite.""";8;;
17 de julho de 2023;Muito bom;Boa localização e bom tamanho do quarto. Cama confortável e bom chuveiro;Cafe da manhã e bom, mas o preço um pouco alto;8
15 de julho de 2023;Deveria iniciar uma repaginada em suas acomodação;Localização;Precisa de reforma;6
10 de junho de 2023;Bom;Quarto bem confortável, chuveiro ótimo.;Internet não era muito boa, o café da manhã pelo valor não tinha muita variedade;7
25 de maio de 2023;Muito bom;Localização boa e bom café da manhã;Pouca manutenção, parece meio largado....;8
8 de maio de 2023;Muito bom;conforto e localização;achei o custo alto para não ter café da manhã;8
19 de abril de 2023;Boa mas o valor muito alto para não incluir o café da manhã;Já estou acostumada a me hospedar na Rede Mercure e grupo Allaccor pelo mundo porém o hotel estava todo em reforma, com poeira no chão do andar. O atendimento das meninas do café foi maravilhoso e super simpáticas! O atendimento na recepção do Evodio foi espetacular nos sentimos muito bem vindos. Nos informou de vários passeios e indicações onde comer e beber.;A cama era King porém o colchão muito mole.;
O proprietário do hotel não se incomodou também de colocar a pajerofull dele prendendo nosso carro;" mas enfim acho válido a crítica construtiva de ter mais cuidado operacional.""";7;;
4 de abril de 2023;Em se tratando de Mercure, poderia ser melhor.;Localização muito boa.;WiFi muito ruim. Precisei usar 5G / 4G. Café da manhã aos sábados e domingos começa às 7hs. No check-in nada foi dito, eu perguntei sobre o domingo e a funcionária me disse que no domingo era às 7hs. Contudo, ela nada falou sobre o sábado. Resultado, como tinha que sair cedo para dar uma conferência no sábado, desci às 6hs e o café estava fechado. Paguei pelo café da manhã e não usei.;6
21 de março de 2023;Bom custo benefício;Boa localização na Praia de Boa Viagem. Café da manhã satisfatório.;instalações antigas (elevadores/ quartos/ área de lazer);7
20 de março de 2023;Bom custo benefício;Localização e quarto confortável;Não tem ar condicionado na recepção e móveis antigos;8
8 de março de 2023;ruim;quarto velho sem Wi-Fi;sem Wi-Fi;7
1º de março de 2023;Bom;o cafe da manha foi cobrado a parte, e com valor exagerado, o que me surpreendeu. assim, s´omente tomei o cafe no 10. dia.;exatamente o cafe da manha ser pago, e isso não ter sido informado com a necessaria clareza na hora da reserva do apto.;7
26 de fevereiro de 2023;Muito bom;Quarto.;Hotel em obra;8
24 de fevereiro de 2023;Muito bom;;O booking nunca é claro quanto ao número de hóspedes e cafe da manhã, o hotel cobriu o erro de vocês, mas é a terceira vez que tenho esse problema;8
22 de fevereiro de 2023;Muito bom;Localização;Tv, banheiro, etc;8
2 de janeiro de 2023;Excelente Custo Benefício;Reservarmos o quarto de 36m. Achei bastante espaçoso e também confortável. A localização é excelente, tranquila e com vários bares e restaurantes próximos. Fica em uma rua atrás da avenida da praia, com uma rua lateral bem próxima de fácil acesso a mesma.;Achei a sala do café da manha pequena para o porte do hotel, mas é agradável e na hora que fui estava tranquila.;8
4 de dezembro de 2022;Bom;Localização;Quarto muito antigo;7
4 de outubro de 2022;Paguei muito caro por um serviço que não atendeu minhas expectativas;Do quarto e a vista pro mar;Café da manhã com pouquíssima opções, atendimento mais eficaz e o prédio muito sucateado.;6
25 de setembro de 2022;Muito bom;Educação dos funcionários, conforto do quarto;Área do café da manhã é pequena;8
18 de setembro de 2022;hotel com boa infraestrutura, mas precisando de renovação urgente.;excelente espaço, pois ficamos em um quarto superior com sala separada. linda vista para o mar.;instalações antigas precisando de manutenção. piso de madeira se soltando e com pontas salientes. revestimentos em compensado de madeiras gastos e com mal aspecto. cortinas não escurecem bem o quarto.;8
11 de setembro de 2022;Boa localização com ótimo custo-benefício em Boa Viagem.;O Hotel não é novo, mas seu estado de conservação é bom. O quarto é grande e bem aparelhado. A localização é excelente, tem uma padaria da esquina muito boa e o hotel é perto de tudo em Boa Viagem.;O estacionamento é bem apertado e o hotel precisa de uma reforma para dar uma renovada.;8
29 de agosto de 2022;Foi boa, poderia ter sido melhor. A Reforma com hóspedes complica a vida dos hospedados.;gostei da da Localização, o Bairro de Boa Viagem é por excelência muito residencial deu pra notar pelos arredores do Hotel Mercure;O Hotel está em obras, sem direcionamento adequado . Peca na sinalização interna.;
Café da manhã estava bom;" embora servido num local não muito adequado""";6;;
18 de agosto de 2022;foi razoável;do andar alto e a vista;elevadores péssimos e não teve o café da manhã para o preço que paguei;7
8 de agosto de 2022;foram dias bons!!!;a acomodação e bem aconchegante.;os elevadores balançam bastante, e um deles n funciona para o 6 andar.;8
27 de julho de 2022;Muito bom;Localização;A falta de café da manhã inclusa na diária, outros hotéis com a mesma estrela e com valor da diária até mas em conta tinha café da manhã.;8
27 de julho de 2022;Hotel em obras;Café da manhã;Banheiro, obras no hotel, estacionado desorganizado, cama extra podre, piso saindo, elevador falhando, Wi-Fi falhando e lento, hotel muito velho e reforma muito lenta.;6
26 de julho de 2022;Satisfatório;;Colchão péssimo;6
18 de julho de 2022;suficiente;o quarto sim, o hotel não;O prédio velho, garagem escura;8
4 de julho de 2022;Bom;.Boa localização.;O hotel estava em reforma então não deu pra aproveitar as dependências principalmente a piscina.;7
23 de junho de 2022;Muito bom;Localização, café da manhã, cordialidade dos funcionários quando encontravam conosco nas dependências do hotel;Area da piscina interditada.;
Sermos 2 pessoas e só ter amenities para 1 pessoa e precisar estar pedindo.;;;;
"Ter q solicitar 3 vezes cobertores.""";8;;;
13 de junho de 2022;Bom;Localização;Passamos 3 dias e só 1 elevador estava funcionndo...;7
4 de junho de 2022;Muito bom;limpeza, conforto;;8
25 de maio de 2022;Satisfatória.;O chuveiro era muito bom: ducha forte e gostosa! A cama era meio mole, mas ok, travesseiros ok, dormi bem. Uma das camareiras era maravilhosa e muito cuidadosa.;O prédio estava em reforma. Muito antigo de forma geral. Peguei o quarto reformado que estava bom. O café da manhã poderia ser mais variável ao longo dos dias. É um mercure que deixa a desejar. Talvez após uma ampla reforma fique bom.;6
25 de maio de 2022;Satisfatório;Localização muito boa e Time muito simpático e prestativo;prédio esta passando por reforma, o banheiro e pequeno, o box estava mal encaixando e vazando agua para parte de fora, e com barulho de goteira. nos corredores muito infiltração e sujeira de obra. Cafe da manha bem fraco tb.;6
9 de maio de 2022;Decepção.;A localização do hotel é ótimo.;O site do Booking informava que o café da manhã estava incluso no preço, entretanto no momento do check in fui informado de que não estava incluso. Além disso, deixei de ter o valor reduzido pela promoção que me foi apresentada pelo site do Booking, onde preços mais baixos seria cobertos desde que com as mesmas condições. Ao avaliar entre duas condições, o café da manhã constava em um e não constava no outro, logo perdi o preço mais baixo e, no final, as condições eram as mesmas. Isso foi decepcionante.!!!!;7
2 de abril de 2022;Decepcionante;Localização;Internet wifi horrorosa. Quarto precisando de reforma. Restaurante péssimo.;6
24 de março de 2025;Aceitável;Localização excelente.;;
Café da manhã bem abaixo do padrão ; mas a funcionária foi muto atenciosa no atendimento.;;;
"O funcionário Vitor foi excelente no atendimento de todas as solicitações bem como a Yasmim.""";Limpeza geral muito ruim. Porta do quarto suja , não tinha nem shampoo nem sabonete líquido no box, não tinha copo, cabelos grudados nas paredes do banheiro.;;;
"O estacionamento em reforma e não tinha vaga para todos os carros.""";5;;;
17 de março de 2025;Excepcional;Muito boa, mas o café da manhã poderia ser mais variado.;;10
11 de fevereiro de 2025;Aceitável;Localização. Toalhas e lençóis limpos;A obra do hotel não finaliza nunca.;
Café da manhã deixa muito a desejar;" não vale a pena.""";5;;
10 de fevereiro de 2025;Maravilhosa;Td bem;Preço alto;10
20 de janeiro de 2025;Fantástico;Excelente localização. Apto amplo com vista para o mar. Tudo funcionando. Perto de bons restaurantes. Pertinho do mar.;Não tinha placa frontal informando a exata localização do hotel. Embora em reforma, precisa modernizar alguns itens básicos (porta de acesso ao apto;
6 de janeiro de 2025;Fantástico;Acomodação excelente. Equipe ótima, o quarto estava intacto. Passei 4 dias para a virada do ano e era bem pertinho da Praia.;;9
6 de janeiro de 2025;Excepcional;Café da manhã muito bom;Nada a acrescentar;10
5 de janeiro de 2025;8;Boa noite, quarto e o café;Limpeza do quarto;10
1º de janeiro de 2025;Aceitável;As camareiras sao muito prestativas e educadas;Café da manhã fraco. Sem carne seca que é regional do recife. Recepção com atendimento bem ruim. Pelo preço, não indicaria. Tem opções melhores.;5
2 de dezembro de 2024;Excelente;Tudo;Nada a declarar;10
17 de novembro de 2024;Hotel sujo, inseguro, desorganizado e desconfortável! FUJAM!;Não teve nada agradável.;A acomodação é pessima, piso de madeira se desfazendo, quarto com lixo de outro hóspede (um anel e um cotonete usado) não tem uma manta para dormir ao lençol, porta não fecha bem tive que improvisar com uma cadeira para me sentir mais seguro, uma festa enorme embaixo da porta que logo cedo entra uma luz enorme! ;
"Quarto sem shampoo e condicionador (liguei na recepção pedindo para repor e falaram que não era possível pois só tinha um funcionário aquele dia) um horror! Eu não fui embora pois sou homem e me sentia seguro improvisando algumas coisas pela minha segurança. Mas uma mulher dormindo só nesse hotel corre um grande risco não indico!""";1;;;
5 de novembro de 2024;Não volto mas lá;Tranquilo;Limpeza do quarto muito acaro (MOFU );3
27 de outubro de 2024;Razoavelmente;Médio;Médio;5
24 de outubro de 2024;Fuja desse hotel. É horrível. Não vale a pena. Pelo preço dele há muitos locais melhores.;Um horror. Ao reservar achei que fosse um Mercure;;
Um hotel super descuidado; tudo muito velho; sem manutenção; todas as áreas: quarto com cheiro de mofo; aparência ruim
16 de outubro de 2024;Muito boa. Recomendo.;Extremamente aconchegante, limpo. Funcionários educados e prestativos. Perto da praia, farmácia, mercado e academia.;A internet estava bem ruim. Fiquei no apartamento 1806. Internet Wi-Fi não funcionava dentro do quarto. Fiquei 6 dias tendo que usar minha 3G. telefone também não atava funcionando, pra pedir comida precisava descer na cozinha, e iFood precisava descer pra informar o número. Ah, o secador também não estava funcionando…;9
22 de setembro de 2024;Excepcional;Da limpeza do quarto.;;10
16 de setembro de 2024;Excepcional;Gostei muito do quarto e da vista que ele nos proporciona, café da manhã muito bom.;A piscina estava um pouco gelada e o pessoal que ficou no quarto ao lado fazia muito barulho;10
4 de julho de 2024;Excepcional;Quarto muito espaçoso;café da manhã;10
22 de junho de 2024;Hotel Nota 10;Gostei da vista,da cama king size,muitos travesseiros disponíveis,do chuveiro, armário com cabides,do frigobar com bebidas, estacionamento.;Não tinham muitos restaurantes disponíveis na região;10
12 de junho de 2024;Muito boa;Da cama;Do banheiro pequeno;10
28 de maio de 2024;falta de atenção com os hospedes em resolver os problemas.;ja fique em mercure muitos melhores e om bom atendimento. simplesmente não gostei.;atendimento;1
19 de maio de 2024;Maravilhosa;Excelente;;9
4 de maio de 2024;Péssimo;Não gostei de nada.;Acomodação, ar condicionado não funcionou bem, o corredor escuro, as camas pequenas, o quarto com cheiro de mofo. O quarto com avaria na porta.;2
30 de abril de 2024;Esse hotel está muito abaixo do esperado.;A cama muito boa e grande.;;
O chuveiro é bom também; apesar;" que quando tomei banho as 05:00 a água não estava muito quente.""";Quarto com acabamento muito ruim, pouca higiene, inclusive o espelho de maquiagem estava muito sujo, banheiro com uma cerâmica velha, aspectos de sujo. Faltava toalhas. Tivemos que solicitar na duas diárias que ficamos lá.;
"Café da manhã não estava incluso nas diárias e não fomos avisados.""";5;;;
22 de abril de 2024;Não vale o custo benefício;O hotel necessita de uma reforma.;Atendimento da equipe;3
21 de abril de 2024;Excelente hotel;Atendimento e organização;Nada;10
20 de abril de 2024;Está ruim! Muito abaixo do esperado ! Sujo , velho;;Está ruim! Muito abaixo do esperado ! Sujo , velho;3
20 de abril de 2024;Decepcionante. Existem hotéis da rede que são muito melhores. Eles também estão em reforma, mas não sei o que irão melho;A cama e os travesseiros. Vale ressaltar que o atendimento da recepção foi muito cordial.;Instalações antigas. Banheiro escuro e bem pequeno, a cor dos azulejos dava a impressão de sujo. Quando abri a porta do quarto no primeiro dia, a primeira coisa que vi no quarto foi uma lagartixa.;
O elevador estava sempre muito quente e abafado; e a porta do mesmo demorava muito para abrir quando chegava no andar;;;
6 de abril de 2024;SATISFEITO;SATISFEITO;;10
4 de abril de 2024;Necessidade de muitos cuidados;Localização e atendimento;"Café da manha é servido em um ""puxadinho"", a limpeza deixa a desejar, quarto velho, com cadeira rasgada, piso danificado, parede com mofo e infiltração, banheiro velho com aspecto de sujo.";4
1º de abril de 2024;Muito boa;Quartos amplos;Ar direto no hospede;10
17 de março de 2024;Conforto e espaço.;Cama bastante confortável, quarto espaçoso, banheiro limpo e chuveiro muito bom. Fica perto do Carrefour e foi prático para ir até lá.;Única coisa que incomodou um pouco foi a questão do estacionamento, é bem apertado e com poucas vagas. O valor do café da manhã, acabei optando por comprar no mercado perto.;10
11 de março de 2024;Excepcional;Apartamento espaçoso, cama de casal grande, banheiro espaçoso, estacionamento fácil, excelente localização.;Prédio precisa de reforma simples, e aparentemente está ocorrendo. Melhorar a pintura dos corredores e alguns detalhes são pontos importantes.;10
3 de março de 2024;Boa, só a algumas instalações do quarto que deixou a desejar;A localização muito boa, estacionamento gratuito , restaurante;A mesa do quarto e a tomada caindo, quase não deu pra usar .;9
16 de fevereiro de 2024;Pesadelo;A localização;Sujo, empoeirado, com cara de abandonado, com obra em execução e sem aviso no momento da reserva, internet que não funciona. Lamentável.;2
11 de fevereiro de 2024;vale a pena;quarto espaçoso;academia bem defasada;10
31 de janeiro de 2024;Péssimo custo benefício;Quarto espaçoso.;Péssimo custo benefício. Minha impressão foi de decadência. Já no check-in experiência ruim, demorado, chave que não funciona (outros hóspedes também tiveram o mesmo problema). Hall do andar com aspecto de abandono, sujo, pintura deteriorada. Apartamento espaçoso porém muito mal distribuído, péssima decoração, e com sinais claros de falta de manutenção. Ar condicionado (antigo) barulhento demais. No banho, dispensadores de shampoo e condicionador totalmente vazios. Café da manhã muito fraco, sem reposição de produtos e caríssimo para o que oferece.;
"Existem hotéis muito mais baratos e bem melhores que este. Não voltarei neste e não recomendo.""";4;;;
30 de janeiro de 2024;Excepcional;Ótima localização, arrumação e café da manhã. Excelente quarto!!;;10
23 de janeiro de 2024;Vale a pena;A localização, a atenção, cordialidade e gentileza dos funcionários. A délicatesse, facilitando o acesso a alimentação e o salão de beleza no térreo. Com certeza voltarei.;Não ter café da manhã incluso e o preço cobrado por fora um pouco elevado.;9
22 de janeiro de 2024;Excepcional;De tudo;Sem problemas;10
16 de janeiro de 2024;Decepção;Encontramos duas camas de solteiro porque esquecemos de pedir no Booking.com, porém a recepção avisou que n tinha outro quarto disponível com cama de casal.;Minha esposa é muito friorenta! Assim que chegou ela solicitou logo um edredom ao funcionário que estava no corredor e ele nunca levou. A noite ela foi na recepção pois o telefone estava sem funcionar e o funcionário lhe disse que a lavanderia n tinha entregue edredons e só tinha disponível dois lençóis, ela os pegou e substitui pelo edredom, só que estes não fizeram efeito.;4
9 de janeiro de 2024;Indicamos como um excelente hotel que satisfez todos as nossas existências.;Gostamos de tudo, acomodações confortáveis, comida boa, café da manhã muito bom, atendimento maravilhoso, gerência e funcionários atenciosas. Enfim nota 10 em tudo. Ah, inclusive usamos a academia que é muito bem montada.;Não houve nada que não gostassemos;10
9 de janeiro de 2024;Muito ruim;Localização;Estrutura antiga;2
6 de janeiro de 2024;Custo benefício ruim.;Localização ótima, porém custo benefício péssimo. Fiquei bastante decepcionado, pois não é o que se espera de um Mercury.;Localização;5
1º de janeiro de 2024;Excepcional;Gostei muito da localização, da limpeza do quarto e do hotel, do quarto em si também gostei, do ar condicionado que é bom, da iluminação, do café da manhã com bolo de rolo, queijadinha, dentre outras comidas. As funcionárias também são muito prestativas e simpáticas.;O prédio não é tem algumas áreas que a gente percebe que precisam de algumas reformas. Os corredor do andar que estava ele tinha algumas areas que estava 'fofo'. Uma reforma aqui e ali deixaria o aspecto interno do prédio melhor. Acho também que a área para o café da manhã é um pouco pequena e com poucas mesas, mas não ficou congestionado nos horários que fui tomar café.;10
26 de dezembro de 2023;Excepcional;Localização.;;
"Facilidade para estacionar o carro.""";;10;;
8 de dezembro de 2023;Abaixo do esperado;;Banheiros,cama;3
3 de dezembro de 2023;muito boa;do atendimento;Nada;10
25 de novembro de 2023;Excelente;Tudo excelente;Café da manhã;10
3 de novembro de 2023;Pretendo voltar em breve;Espaço e limpeza;Nada a declarar;9
2 de novembro de 2023;Quarto espaçoso e Boa localização;Os quartos são grandes, lembrando apartamento de flat. ;;
O Mercure Navegantes fica na rua paralela a avenida Beira-Mar de Boa Viagem. Evitando o barulho de avenidas;" mas tendo a praia acessível caminhando.""";O Prédio está em obras, então o quarto peca na qualidade dos acabamentos que alguns estão velhos e soltando e na garagem há material de construção que tomam vagas.;9;
30 de outubro de 2023;Ruim;havia um comunicado que estavam em reforma para melhor atender-nos, porém ao lado do meu quarto estava a reforma...poeira, areia ..não foram capazes nem de limpar os corredores... chegavamos e passávamos por esta sujeira toda e levarmos para o quarto...pedi um jantar no quarto... no outro dia sai cedo...retornei quase 19:00h não tinham limpado o quarto com a reforma do lado e nem tirado os restos de comida que ficaram quase 24 horas no quarto ...solicitei troca... mas ...preferi na realidade trocar de hotel onde pudesse ser bem mais atendida;;3
24 de outubro de 2023;Excepcional;Acomodação ampla, confortável, café da manhã excelente e atendimento perfeito;;10
24 de outubro de 2023;A estadia foi muito boa.;A limpeza do quarto e as opções de iluminação do quarto foram muito bons. O café da manhã foi satisfatório, mas poderia ter mais opções. A equipe é muito atenciosa. A localização (Boa Viagem) é muito boa.;Não há muito o que apontar como negativo. Mas o café da manhã - bastante satisfatório - poderia oferecer mais opções.;9
22 de outubro de 2023;Perfeita perfeita;Tudooooooo, sem excessão!;Queria ter ficado com uma vista para o mar;10
18 de outubro de 2023;Eu quero volta novamente em breve + rápido possível quero promoção pra o hotel mercúrio navegante😍;Gostei de tudo as recepcionista são muito educadas todos funcionários prestativos o café da manhã de melhor qualidade 😋👏;Gostei de tudo eu e meu esposo;10
14 de outubro de 2023;Cara e ruim;O quarto tem boas condições, mas o banheiro é péssimo, pequeno e com muito vazamento . Faltou água inclusive;Estrutura do prédio. Falhas constantes nos elevadores. Entrada sem indicação do hotel adequado e aparente.;
"Difícil de achar""";4;;;
13 de outubro de 2023;Decepcionante;. Só atendente agradou;Toalhas velhas fininhas, restaurante não existe( não dá p chamar aquilo de restaurante) área de lazer só uma piscina pequeninha, área velha, não sei como é Mercure.;3
12 de outubro de 2023;Fantástico;;Hotel excelente, só não ganhou o 10 porque precisa acertar alguns detalhes de manutenção no quarto. Torneira do banheiro saindo uma peça, e o chuveiro saindo pouco volume de água no modo frio. Café da manhã excelente, mas pelo preço da diária, deveria já estar incluso.;9
10 de outubro de 2023;boa;boa;boa;9
7 de outubro de 2023;Hotel bem velho;Hotel caindo aos pedaços! Paredes descascando, piso todo manchado! chegamos lá e falaram q nossa hospedagem não tinha café da manhã… tivemos q ir atrás dos papéis da reserva. Não tinha um cobertor no quarto! Tirando o chuveiro, o restante era péssimo! Sem falar da orla la perto, q o pessoal do hotel mesmo falou q era perigoso de caminharmos, fedendo absurdo de xixi e muito lixo!;;3
7 de outubro de 2023;Péssimo;Localização muito boa;Quarto sujo, tudo muito velho, o piso estava saindo na entrada do banheiro e encontramos baratinhas no quarto. Enfim, pelo valor cobrado esperava muito mais, nunca imaginei que algum dia me hospedaria em um hotel da rede Mercure e passaria por isso.;1
1º de outubro de 2023;Incrível;Quarto grande, limpo. Ótima estadia;Não há nada.;10
28 de setembro de 2023;Excelente localização e conforto são os diferenciais;Excelente atendimento. ;;
Cordialidade e simpatia. A recepção deu excelentes dicas de locais próximos ao entorno do hotel e também opções um pouco mais distantes.;;;;
"A vista para o mar é um espetáculo. Não fui à praia de Boa viagem mas passei pela orla e é uma praia muito bonita.""";;10;;
24 de setembro de 2023;Conforto e Excelencia!;A localização é a vista para o mar!;Gostei de tudo!;10
24 de setembro de 2023;Atendeu as minhas expectativas.;Todos os funcionários bastantes educados e atenciosos, quarto silencioso e hotel limpo.;Paredes do corredor descascando, piso do quarto se desfazendo.;9
29 de agosto de 2023;Foi excelente limpeza impecável, camas e travesseiros confortável, o espaço do quarto excelente, ape;O café da manhã excelente, a localização para aeroporto ótima restaurantes, supermercado, mas para o turismo tive dificuldade. Superou minhas expectativas.;;
As camareiras; funcionários sempre muito atenciosos. Em especial a camareira Mary.;;;
Coffe break delicioso;" tudo de qualidade""";A internet não estava boa;10;
25 de agosto de 2023;Perfeita;De tudo!;De não ter ficado mais tempo!;10
14 de agosto de 2023;Confortável;Closet;Do conforto do quarto;10
23 de julho de 2023;Péssimo;;Hotel sem condições minimas estruturais para atender ao público.;1
13 de julho de 2023;Maravilhosa;O atendimento dos recepcionistas e a localização.;;10
26 de junho de 2023;Excepcional;Sempre gosto localização da educação dos funcionários.;O barulho de furadeira 🤣🤣🤣;10
29 de maio de 2023;encontrava-me bem alojada e pude curtir a cidade;Fiquei satisfeita com tudo, localização, café da manhã e tratamento recebido pelos/as funcionários/as;não tenho o que reclamar;10
11 de maio de 2023;muito boa;desta vez me colocaram num quarto alto com vista mar. quarto bem aconchegante e limpo;garagem apertada;10
31 de março de 2023;Fantástico;Quarto amplo, bom custo benefício e localização;Alguma confusão na recepção do hotel;9
28 de março de 2023;ótima localização;Hotel em ótima localização. Padaria, farmácia, praia, restaurantes, shopping tudo muito perto;a porta do nosso quarto as vezes travava, mas nada demais;10
23 de março de 2023;Excepcional;;por que nao foi avisado que o cafe da manha nao tava incluso;10
6 de março de 2023;Aceitável;boa localização;box do chuveiro apertado e água escura;5
25 de fevereiro de 2023;Não merece a bandeira Mercure da rede;Café da mahã com boas variedades,só pecava na reposição dos alimentos,que,ao passar da hora,começavam a faltar.O atendimento dos funcionários para reverter a situação das faltas é excepcional,pois tentam agradar de toda forma,mesma essa questão de controle de reposição não ser culpa deles.Alimentos feitos na hora são prontamente entregues,quase que sem espera - a espera realmente é do período de preparo,mesmo com o salão lotado (período de Carnaval).Mais uma vez,a prestatividade dos funcionários é oposta à qualidade das acomodações.;"Toda a parte de acomodação poderia ser melhor.Não merece a bandeira Mercure da rede Accor.Hotel cheio de restos de obras por todo canto,sem falar nas instalações visivelmente VELHAS, PRECÁRIAS ou pendentes de manutenção.Vimos uma tentaiva de ""arrumadinho"" à lá basileira, com pintura recente nas portas,mas pintura precária,mal feita,chega dava para ver as falhas e má qualidade das portas.Camas velhas,pias,ralos da pia,,chuveiros,torneiras toda a parte de louça e metais dos banheiros descascando,velhos demais.Ar condicionados velhos,barulhentos";
24 de fevereiro de 2023;Decepção.;Do ar condicionado;prédio em péssimo estado, não há cobertores no quarto. para o valor da diária e o nome da marca Mercure, não esperava um hotel tão ruim. café da manhã simplório e não há serviço de quarto a noite.;3
22 de fevereiro de 2023;Não indico.;o quarto era razoávelmente bom.;o hotel está aparentemente sem manutenção,cheguei a ficar presa no elevador por duas vezes e ninguém pediu manutenção,café da manhã não tem variedades.;5
7 de fevereiro de 2023;Excepcional;Do atendimento na recepção de todos e do Sr. Eduardo. Muito solicito e atencioso.;;10
29 de janeiro de 2023;hotel bem localizado, mas o valor é muito alto para o que oferece;o tamanho do quarto e a vista privilegiada;achei que o serviço de alimentação deixou a desejar;9
23 de janeiro de 2023;Muito ruim;A servania da praia e a limpeza;Pefi por internet un cuarto con vistas e me deram sem visitas,falei com o recepcionista na primeira noite e me prometeu que no otro día me daría mas não deu;2
22 de janeiro de 2023;Péssima não vale o preço;Localização;Limpeza, equipamentos velhos, banheiro vazando, atendimento demorado, recepção vazia sem poder dar entrada no hotel. Não tinha toalha disponível. Chão sujo.;1
18 de janeiro de 2023;Excepcional;Ótimo hotel, quartos grandes, com muitos espaços para organizar os pertences. Banheiro bom e limpo. Com garagem para carro. Recomendo.;;10
11 de janeiro de 2023;Fantástico;Gostei do café da manhã, o que não gostei foi a informação de que ele não estava incluso na diária e quando fiz a reserva pelo site, o site do booking dava a entender que o café estava incluso. Mas no geral, o café da manhã era bom e com bastante opção. O valor do café era de, aproximadamente, R$ 35,00. Porém, na parte inferior do prédio tem uma padaria excelente, com várias opções de café da manhã.;Nada a reclamar.;9
3 de janeiro de 2023;Aceitável;café da manhã. muito bom e com uma boa variedade de alimentos incluindo frutas.;já me hospedei em outros hotéis da mesma rede e achei esse bem inferior aos outros.;5
22 de dezembro de 2022;não foi das melhores, pelo hotel. pelo funcionários excelente;espaço da acomodação;ar condicionado barulhento. necessidade de manutenção mais frequente;4
14 de dezembro de 2022;Decepcionante;Localização;Apartamento com problema na fechadura, funcionários pouco simpáticos, café da manhã não incluso, quartos com limpeza mal feita, internet péssima .;4
12 de dezembro de 2022;Aceitável;Da localização;O hotel encontra-se em mau estado de conservação a necessitar de alguns arranjos de manutenção. O banheiro não tinha champoo nem amaciador.;5
11 de dezembro de 2022;Tive a sensação de ter hospedado minha família num Motel de beira de estrada!;café da manhã razoável;travesseiros com mal cheiro ;
toalhas com cheiro de barata;;;;
paredes descascando a tinta ;;;;
"tv com mau funcionamento""";2;;;
5 de dezembro de 2022;Decepcionante;Localização;Elevador quebrado e sujeira;4
14 de novembro de 2022;Hotel com preço abusivo e instalações péssimas;Funcionários educados;Preço não condiz com o hotel que oferecem. Hotel extremamente velho, sujo (nosso quarto tinha tampinha de garrafa pelo chão), banheiros muito velhos e apertados! Corredores imundos. Reformafam a recepção do hotel e esqueceram dos principal q são os quartos. Estacionamento caindo aos pedaços. Não vale jamais o preço q cobram! Não volto nunca ao hotel!;2
1º de novembro de 2022;Até a conclusão da reforma, sugiro buscar um outro hotel para hospedagem.;A localizacão é boa com bom acesso a praia.;O hotel está em reforma, mas o valores continuam altos para estadia, longe do padrão Mercure que habitualmente é visto. Muita poeira, móveis velhos, atendentes mal treinados.;3
30 de setembro de 2022;Fantástico;Local bem localizado, ambiente agradável e sem barulho.;Não teve .;9
27 de setembro de 2022;hotel precisa de uma reforma urgente;localização;hotel velho , sujo, elevadores demorados e molhados , no meu quarto a cortina estava danificada e logo cedo o sol batia, solicitei para trocar 3 vezes e nada. café da manhã com poucas opções. pagamento realizei na chegada e colocaram para outro quarto , ainda teve esse constrangimento .;2
27 de setembro de 2022;Ótimo custo-benefício em Boa Viagem;Apesar de as instalações não serem novas, o quarto é muito confortável, espaçoso e limpo. Funcionários muito educados e atenciosos.;;9
19 de setembro de 2022;muito boa;bom;localizaçao;9
6 de setembro de 2022;Pior experiência com a rede accor;Nada;Péssimo atendimento, péssimo Wi-Fi;1
23 de agosto de 2022;Excepcional;Amei;Valor do café da manhã!;10
10 de julho de 2022;Não recomendo;Nada;Quarto com formigas, janela fazendo barulho, televisão sem funcionar.;2
8 de julho de 2022;bom café da manhã;quarto;muito tempo para liberação dos quartos;10
5 de julho de 2022;Decepcionante;;Hotel em plena reforma e não avisam ao cliente.;4
4 de julho de 2022;Decepção com o padrão Mercury;Apenas da localização;Banheiro, limpeza do quarto e do 11 andar, cama e roupa de cama, TV antiga e pequena;5
18 de junho de 2022;atendimento perfeito;atendeu meus requisitos;;10
27 de maio de 2022;sem atropelos;Espaçosa e garagem disponível e gratuita;TV (imagem ruim) e grade de canais (muito limitado);9
26 de maio de 2022;Hospedagem abaixo de um Mercury.;da localizacao.;O Hotel é antigo e o quarto que peguei embora posssui-se vista parcial do mar, estava em pessimas condicoes de conservação, quarto amplo, mas com janela quebrada, paredes descando, colchao ruim com um buraco, TV soltando do suporte, vazamento do box do banheiro molhando, goteira do ar condicionado do andar acima, toalhas ruins, velhas e com cheiro de tempero;
"Refeitorio muito pequeno para o cafe da manhã.""";3;;;
8 de maio de 2022;Decepcionante;Localização;;4
30 de abril de 2022;nao volto;.;instalações precisando de reparo urgente, porta dificil de abrir, emperra toda hora. os revestimentos do wc tbm são terríveis.;1
12 de dezembro de 2023;Pior hotel de Recife;Atendimento funcionários;Somente gostei disso funcionários, o restante é péssimo;1
30 de janeiro de 2023;Reality doesn’t match expectation from photos;Breakfast;Facilities are old and requires immediate maintenance;6
21 de janeiro de 2023;Needs some work to the hallway;It’s locations;the hallway;8
24 de dezembro de 2022;It was reasonable;The location only;This hotel is doing some renovations and the floor were we stayed on was really bad.;7
22 de fevereiro de 2025;Fantástico;Location;Lift;9
27 de novembro de 2022;Muito ruim;;the hallway was completely dark. No lights at all. I complained many times, but they didn’t do anything.;2
21 de maio de 2022;Péssimo;Just bed swimming pool not active and u booking swa viw and not was breakfast no so good;1 hr to do checking, l not active swimming pool this os worst because recufe very hot;1
19 de abril de 2022;very ugly experience;The breakfast was OK, nothing special. ;;
The location was good. The gym was OK. It´s almost impossible to answer this question;" regarding this is the worst ACCOR Hotel I have been.""";The dirt as a whole. the swimming pool was dirty. By the way, I could not used it. The water was brown. The parking is terrible. The rooms are dirty. Even they missed to clean up my room.;2;
23 de março de 2024;Muito bom;La atención recibida, impecable;No tiene sauna;8
11 de fevereiro de 2024;Bom;Bien ubicado. Habitación limpia;Se nota que le falta mantenimiento a todo. Desde plomería a aire acondicionado.;7
3 de dezembro de 2023;Bom;Emplacement;Un peu cher par rapport à l’offre sur place;7
20 de outubro de 2023;Bien ubicado, lobby moderno y habitaciones con Tv;La atencion el la recepcion, aunque solo estuvimos unas horas, fueron muy amables, y nos proporcionaron informaciones, nos despertaron y nos consiguieron un taxi, no desauynamos porque salimos a las 4 de la mañana, pero tienen disponible el desayuno en una panaderia que esta en el mismo edficio que el hotel;No tiene cofre fort;8
4 de outubro de 2023;Satisfatório;房间还可以;Wifi总是不可用，多次平台上联系开发票得不到回复;6
26 de fevereiro de 2023;Muito bom;l’ubication;internet. très mauvaise qualité;8
21 de fevereiro de 2023;Bom;ubicación;muy viejo.;
"las instalaciones necesitan mantenimiento""";7;;;
16 de novembro de 2022;Funcional;la proximidad a la playa y la amplitud de la habitación;pocos ascensores;8
16 de setembro de 2022;Arreglen los ascensores;Buena ubicación, buena atencion;Los ascensores en reparación varios días. De 3 ascensores andaban 2 o 1 toda la semana de estancia. Estuve en piso 12, imposible ir por escaleras;7
28 de agosto de 2022;Bom;La ubicación.;El desayuno, poca variedad.;7
2 de junho de 2022;Bom;Le petit déjeuner;L'établissement était en travaux, les ascenseurs en panne, 18 étages a pied pendant 2 jours, (panne cause intemperies) la premiere chambre était assez délabrée, la deuxième correcte (nous avons demandé de changer de chambre). Finalmente, l'ascenseur fonctionnait mais pas jusqu'à la réception. C'etait sportif!!!;7
19 de março de 2025;Heureusement que nous n’étions là que pour une nuit, nous aurions sinon changé d’hôtel;Le lieu était idéal pour nous.;La chambre était en très mauvaise état et sale ( des traces de saleté (récentes) sur le mur au dessus du lit près de la fenêtre ;
"Le couloir de l’étage était sale.""";1;;;
8 de março de 2025;Aceitável;De ligging was zeer fijn je zat zo op het leuke gedeelte van het strand en in de supermarkt(diplomata) direct onder het hotel kan je zeer goed eten.Schoonmaak was op zich ook goed geregeld.;Het hotel is in slechte staat en eigenlijk ondanks de ligging dicht bij het strand bijna geen strand/zeezicht.De vloeren liggen helemaal open van water schade en onze reisgenoten konden pas na 4uur pm inchecken.Ook een ongebruikt ontbijt werd niet in mindering gebracht op de al forse rekening.;5
17 de novembro de 2024;destrato y situaciones muy tensas con desconocimiento de la confirmación de la reserva;Al momento de arribar al alojamiento desconocían la confirmación de la reserva de booking y estuvimos más de 3 horas y media aguardando una respuesta y nos solicitaron que cancelemos la reserva por la pagina.;El destrato, que tuvimos siendo que la reserva estaba confirmada por la pagina.;
"nos enviaron a otro hotel como alternativa y no nos solucionaron el inconveniente""";1;;;
10 de fevereiro de 2024;Déception;L'emplacement, le personnel aimable. Lit confortable. Propreté correcte.;Manque de confort. Pas aux normes habituelles d'un Mercure. Parties communes et chambres laides. Hôtel bruyant, machinerie extérieure qui s'entendait dans la chambre. Climatisation bruyante.;4
7 de janeiro de 2024;Soggiorno molto confortevole;Pulizia accoglienza;Piscina un po’ piccola;9
18 de dezembro de 2023;Estancia lamentable;No me gusto nada del hotel. ;;
El desayuno es lamentable; tanto la comida como el lugar. Comedor viejo; sin mantenimiento;" mobiliario viejo y sucio. La comida es escada de surtido y calidad baja.""";No volvere nunca a un Mercure. No cumple con el estandar minimo q uno busca cuando viaja.
Nunca habia ido a un Mercure y esta a años luz de cualquier hotel ee la cadena Hilton; Melia;" NH e incluso Ibis""";3;
30 de outubro de 2023;Non ci tornerei;Poco o niente;Le condizioni in generale;5
8 de setembro de 2023;商务出行不推荐该酒店;位置和房间还可以;Wifi信号极差，基本不可用，平均5-10分钟断开一次;
"联系开发票，始终没人应答""";5;;;
6 de março de 2025;Satisfatório;;;6
17 de fevereiro de 2025;Muito bom;;;8
3 de dezembro de 2024;Muito bom;;;8
20 de novembro de 2024;Muito bom;;;8
7 de outubro de 2024;Muito bom;;;8
18 de setembro de 2024;Satisfatório;;;6
18 de setembro de 2024;Satisfatório;;;6
18 de setembro de 2024;Muito bom;;;8
18 de setembro de 2024;Muito bom;;;8
6 de setembro de 2024;Muito bom;;;8
21 de agosto de 2024;Muito bom;;;8
12 de agosto de 2024;Bom;;;7
2 de agosto de 2024;Muito bom;;;8
18 de julho de 2024;Muito bom;;;8
29 de junho de 2024;Legal;;;8
16 de maio de 2024;Muito bom;;;8
14 de maio de 2024;Bom;;;7
2 de maio de 2024;Satisfatório;;;6
26 de abril de 2024;Muito bom;;;8
8 de abril de 2024;Muito bom;;;8
28 de março de 2024;Satisfatório;;;6
24 de março de 2024;Bom;;;7
18 de março de 2024;Bom;;;7
26 de fevereiro de 2024;Bom;;;7
21 de fevereiro de 2024;Muito bom;;;8
18 de fevereiro de 2024;Muito bom;;;8
14 de fevereiro de 2024;Bom;;;7
29 de janeiro de 2024;Bom;;;7
7 de janeiro de 2024;Bom;;;7
18 de dezembro de 2023;Bom;;;7
10 de dezembro de 2023;Muito bom;;;8
5 de novembro de 2023;Muito bom;;;8
3 de novembro de 2023;Bom;;;7
24 de outubro de 2023;Muito bom;;;8
14 de outubro de 2023;Muito bom;;;8
2 de outubro de 2023;Bom;;;7
17 de setembro de 2023;Muito bom;;;8
13 de setembro de 2023;Muito bom;;;8
1º de setembro de 2023;Satisfatório;;;6
28 de agosto de 2023;Satisfatório;;;6
13 de agosto de 2023;Bom;;;7
30 de julho de 2023;Bom;;;7
28 de julho de 2023;Bom;;;7
7 de junho de 2023;Bom;;;7
1º de maio de 2023;Bom;;;7
26 de abril de 2023;Bom;;;7
25 de abril de 2023;Muito bom;;;8
25 de março de 2023;Bom;;;7
25 de março de 2023;Muito bom;;;8
13 de março de 2023;Bom;;;7
6 de março de 2023;Bom;;;7
28 de fevereiro de 2023;Muito bom;;;8
23 de fevereiro de 2023;Muito bom;;;8
24 de janeiro de 2023;Muito bom;;;8
23 de janeiro de 2023;Bom;;;7
18 de janeiro de 2023;Bom;;;7
10 de janeiro de 2023;Satisfatório;;;6
5 de janeiro de 2023;Muito bom;;;8
2 de janeiro de 2023;Muito bom;;;8
29 de novembro de 2022;Muito bom;;;8
20 de novembro de 2022;Muito bom;;;8
1º de novembro de 2022;Muito bom;;;8
23 de outubro de 2022;Satisfatório;;;6
8 de outubro de 2022;Bom;;;7
4 de outubro de 2022;Bom;;;7
23 de setembro de 2022;Muito bom;;;8
14 de setembro de 2022;Muito bom;;;8
4 de setembro de 2022;Bom;;;7
3 de setembro de 2022;Muito bom;;;8
18 de agosto de 2022;Muito bom;;;8
31 de julho de 2022;Bom;;;7
17 de julho de 2022;Muito bom;;;8
5 de junho de 2022;Muito bom;;;8
19 de maio de 2022;Muito bom;;;8
1º de maio de 2022;Muito bom;;;8
25 de abril de 2022;Satisfatório;;;6
23 de abril de 2022;Muito bom;;;8
15 de fevereiro de 2025;Excepcional;;;10
26 de janeiro de 2025;Fantástico;;;9
22 de janeiro de 2025;Excepcional;;;10
2 de janeiro de 2025;muito boa;;;9
1º de janeiro de 2025;Excepcional;;;10
17 de novembro de 2024;Excepcional;;;10
28 de outubro de 2024;Fantástico;;;9
22 de outubro de 2024;Péssimo;;;1
13 de outubro de 2024;Aceitável;;;5
30 de setembro de 2024;Decepcionante;;;4
28 de setembro de 2024;Péssimo;;;1
19 de agosto de 2024;Excepcional;;;10
13 de agosto de 2024;Excepcional;;;10
27 de julho de 2024;Péssimo;;;1
21 de julho de 2024;Péssimo;;;1
8 de julho de 2024;Excepcional;;;10
2 de junho de 2024;Excepcional;;;10
1º de junho de 2024;Excepcional;;;10
28 de maio de 2024;Fantástico;;;9
28 de março de 2024;Fantástico;;;9
20 de março de 2024;Fantástico;;;9
19 de março de 2024;Excepcional;;;10
17 de março de 2024;Fantástico;;;9
5 de março de 2024;Fantástico;;;9
2 de março de 2024;Excepcional;;;10
17 de fevereiro de 2024;Excepcional;;;10
14 de fevereiro de 2024;Apartamento grande, muito bem organizado e ótima localização, ótimo custo benefício;;;9
7 de fevereiro de 2024;Decepcionante;;;4
20 de janeiro de 2024;Excepcional;;;10
17 de janeiro de 2024;Péssimo;;;1
13 de janeiro de 2024;Excepcional;;;10
7 de janeiro de 2024;Excepcional;;;10
26 de dezembro de 2023;Excepcional;;;10
19 de dezembro de 2023;Fantástico;;;9
18 de dezembro de 2023;Excepcional;;;10
15 de novembro de 2023;Péssimo;;;1
5 de novembro de 2023;Excepcional;;;10
31 de outubro de 2023;Excepcional;;;10
29 de outubro de 2023;Excepcional;;;10
24 de outubro de 2023;Decepcionante;;;4
25 de setembro de 2023;Fantástico;;;9
6 de setembro de 2023;Fantástico;;;9
25 de agosto de 2023;Aceitável;;;5
21 de agosto de 2023;Excepcional;;;10
7 de agosto de 2023;Aceitável;;;5
7 de agosto de 2023;Excepcional;;;10
23 de julho de 2023;Péssimo;;;1
30 de junho de 2023;Fantástico;;;9
19 de março de 2023;Fantástico;;;9
12 de março de 2023;Excepcional;;;10
24 de fevereiro de 2023;Excepcional;;;10
20 de fevereiro de 2023;Péssimo;;;1
20 de fevereiro de 2023;Excepcional;;;10
1º de fevereiro de 2023;Excepcional;;;10
23 de janeiro de 2023;Fantástico;;;9
16 de janeiro de 2023;Excepcional;;;10
15 de dezembro de 2022;Fantástico;;;9
22 de novembro de 2022;Excepcional;;;10
18 de novembro de 2022;Péssimo;;;1
15 de novembro de 2022;Fantástico;;;9
5 de novembro de 2022;Excepcional;;;10
20 de outubro de 2022;Excepcional;;;10
18 de outubro de 2022;Excepcional;;;10
15 de outubro de 2022;Excepcional;;;10
13 de outubro de 2022;Fantástico;;;9
4 de outubro de 2022;Excepcional;;;10
27 de setembro de 2022;Fantástico;;;9
21 de setembro de 2022;Fantástico;;;9
20 de setembro de 2022;Excepcional;;;10
17 de setembro de 2022;Excepcional;;;10
16 de setembro de 2022;Decepcionante;;;4
15 de setembro de 2022;Excepcional;;;10
13 de setembro de 2022;Péssimo;;;1
7 de setembro de 2022;Excepcional;;;10
15 de agosto de 2022;Fantástico;;;9
5 de agosto de 2022;Fantástico;;;9
5 de agosto de 2022;Fantástico;;;9
5 de agosto de 2022;Fantástico;;;9
18 de julho de 2022;Excepcional;;;10
11 de junho de 2022;Excepcional;;;10
22 de maio de 2022;Excepcional;;;10
18 de maio de 2022;Fantástico;;;9
5 de fevereiro de 2023;Fantástico;;;9
28 de agosto de 2022;Decepcionante;;;4
28 de abril de 2024;Satisfatório;;;6
23 de janeiro de 2023;Bom;;;7
5 de setembro de 2022;Muito bom;;;8
3 de janeiro de 2025;Fantástico;;;9
24 de janeiro de 2024;Excepcional;;;10
18 de dezembro de 2023;Excepcional;;;10
26 de março de 2023;Aceitável;;;5
13 de julho de 2022;Fantástico;;;9
7 de abril de 2022;Aceitável;;;5
15 de fevereiro de 2025;Muito bom;;;8
8 de janeiro de 2025;Bom;;;7
29 de novembro de 2023;Bom;;;7
27 de fevereiro de 2023;Muito bom;;;8
23 de janeiro de 2023;Muito bom;;;8
28 de novembro de 2022;Satisfatório;;;6
26 de junho de 2022;Bom;;;7
20 de abril de 2022;Bom;;;7
10 de julho de 2024;Péssimo;;;1
5 de dezembro de 2023;Aceitável;;;5
10 de outubro de 2022;Decepcionante;;;4
